Peak Brightness Date/Time (UT),Altitude (km),Latitude (deg),Longitude (deg),Velocity (km/s),vx,vy,vz,Total Radiated Energy (J),Calculated Total Impact Energy (kt)
10/10/2019 16:16,47.3,44.3N,122.9E,14.0648498,1.5,-5.4,-12.9,2.06E+11,0.57
9/28/2019 10:40,52,12.5S,107.2W,20.37498466,-10.1,13.7,11.2,2.30E+10,0.082
9/27/2019 13:35,31.99166667,25.7N,28.4W,12.80193941,6.825,-7.591666667,7.725,3.40E+10,0.12
9/14/2019 12:39,38,38.6S,33.5W,15.91163097,-12.9,4.6,8.1,1.09E+11,0.33
9/13/2019 2:02,27.4,18.6S,126.9E,13.52405265,5.2,9.5,-8.1,4.20E+10,0.14
9/12/2019 12:49,42,54.5N,9.2E,18.47863631,-18.1,3.7,-0.4,1.69E+11,0.48
9/12/2019 2:34,30.6,24.9N,47.8W,17.17381728,-11.7,4.6,11.7,5.90E+10,0.19
8/24/2019 12:02,39.8,21.9N,130.4W,13.39440182,11.1,5.4,-5.2,4.00E+10,0.13
8/22/2019 21:47,30.2,24.4S,92.9W,12.09783612,-6.616666667,-7.375,6.941666667,2.00E+10,0.073
8/16/2019 20:36,36,38.9N,7.0E,14.88791456,-3.9,-13.8,4,2.50E+10,0.089
7/23/2019 20:42,30.6,44.6N,147.6W,16.14032218,1.5,-5.5,15.1,2.55E+11,0.69
6/30/2019 16:52,59,21.2N,129.5W,42.2536389,25.2,-13.3,31.2,3.20E+10,0.11
6/30/2019 8:11,38.54166667,2.5S,168.7E,16.29440301,7.733333333,9.85,10.425,2.10E+10,0.076
6/22/2019 21:25,25,14.9N,66.2W,14.89328708,-13.4,2.5,6,2.95E+12,6
6/20/2019 6:07,37,7.3N,67.6W,13.78954415,8.191666667,8.725,6.85,2.80E+10,0.098
5/26/2019 10:07,24.4,56.6N,25.3W,17.5296891,3.8,16.1,-5.8,4.20E+10,0.14
5/25/2019 6:44,29.2,19.2S,89.4E,15.84108582,0.2,2.1,-15.7,4.90E+10,0.16
5/22/2019 15:16,32.6,10.8N,37.3W,15.95904045,-8.825,8.858333333,9.916666667,9.50E+10,0.29
5/21/2019 13:21,31.5,38.8S,137.5E,11.51390464,4.4,6.4,-8.5,6.56E+11,1.6
5/19/2019 14:47,33.3,23.6S,132.8E,15.17300234,7.3,5.3,-12.2,3.30E+10,0.11
5/12/2019 22:41,35.54166667,6.2N,57.1W,16.40042344,-12.73333333,-6.483333333,8.05,2.10E+10,0.076
5/4/2019 15:35,26.5,28.4N,88.3W,14.16859546,-6.525,-9.441666667,-8.308333333,2.20E+10,0.079
4/22/2019 21:42,33.3,48.8S,67.8E,11.36661779,3.4,10,-4.2,1.24E+11,0.37
4/14/2019 17:54,30.6,18.3N,74.6W,15.94427797,-2.5,-14.6,5.9,2.90E+10,0.1
4/6/2019 11:59,41.5,56.5N,94.9E,18.11242667,6.2,-12.9,11.1,7.00E+10,0.22
4/4/2019 22:19,34.73333333,35.3N,93.9W,14.7212007,-8.008333333,9.591666667,-7.783333333,2.80E+10,0.098
3/27/2019 12:50,35.60833333,41.8S,7.4W,15.17054895,-5.366666667,-10.1,-9.966666667,2.20E+10,0.079
3/19/2019 2:06,28.7,24.0S,140.3E,16.21604144,10.2,12.6,0.4,2.00E+10,0.073
3/15/2019 12:26,31.5,63.7N,95.7E,14.36279917,5.4,1.7,-13.2,4.60E+10,0.15
2/18/2019 10:00,26,15.5S,25.3E,20.84898079,-16.6,0.6,-12.6,1.96E+12,4.2
2/1/2019 18:17,23.7,22.5N,83.8W,16.32207095,-2.4,8.7,13.6,5.79E+11,1.4
1/29/2019 20:47,34.96666667,16.46209903494268E,56.876409316215806S,15.12046534,-8.291666667,-8,9.791666667,2.50E+10,0.089
1/22/2019 9:18,42.5,18.0N,6.5E,11.56589815,-8.6,5,-5.9,3.60E+10,0.12
12/23/2018 23:38,31.8,47.5S,174.4W,16.50484777,9.9,10.8,7.6,8.90E+10,0.27
12/18/2018 23:48,25.6,56.9N,172.4E,31.9707679,6.3,-31.2,-3,1.30E+14,173
11/20/2018 17:30,27.4,25.3N,6.7W,17.44190357,-10.1,3,13.9,4.22E+11,1.1
11/17/2018 21:48,32.5,47.3N,172.9W,19.08769237,7.6,-2.7,17.3,2.20E+11,0.61
11/15/2018 8:02,33.84166667,42N,57W,14.34060135,-9.216666667,7.15,-8.341666667,2.00E+10,0.073
11/14/2018 4:03,37,37.6S,83.5E,16.54736678,-9.55,7.308333333,-11.36666667,3.80E+10,0.13
10/24/2018 21:19,33.3,6.7S,148.6W,15.60136657,-7.008333333,-11.00833333,-8.55,4.70E+10,0.16
10/22/2018 7:11,37.43333333,169.1912155431681W,7.3721400385793165S,17.69850315,-7.066666667,-6.483333333,14.875,2.60E+10,0.092
10/5/2018 0:27,31.5,39.8S,31.7W,14.71903529,-13.2,-0.4,-6.5,3.80E+10,0.13
9/25/2018 14:10,33,23.5S,56.8E,16.45113978,-16.2,0.6,2.8,8.06E+11,1.9
9/25/2018 0:16,40.7,34.3S,44.9E,12.5499004,-11,-5.5,2.5,5.30E+10,0.17
9/20/2018 18:29,40.56666667,67.3S,75.1E,11.13642672,-5.6,5.5,-7.9,8.30E+10,0.26
9/17/2018 1:08,35.95833333,6.8S,27.8W,15.12673544,-6.033333333,-5.483333333,-12.74166667,1.50E+11,0.43
9/13/2018 0:51,34.15,42.5N,50.1W,15.73731632,9.566666667,-7.241666667,-10.18333333,4.20E+10,0.14
8/27/2018 4:36,33,1.7S,141.4E,16.08601877,9.8,-8.4,-9.6,2.40E+10,0.086
8/21/2018 12:26,37,39.2S,162.9W,13.62979019,7.458333333,-7.3,8.766666667,2.20E+10,0.079
7/27/2018 9:35,32,58.8S,105.8E,14.02879479,9.216666667,-5.541666667,9.008333333,1.05E+11,0.32
7/25/2018 21:55,43.3,76.9N,69.0W,24.43378808,20.4,-3.8,12.9,8.77E+11,2.1
7/17/2018 15:17,38.725,82.5N,136.7W,14.68318435,6.25,-9.925,-8.833333333,2.11E+11,0.59
6/26/2018 17:51,63,32.0N,12.1E,14.10709042,-10,-9.9,-1,2.90E+10,0.1
6/21/2018 1:16,27.2,52.8N,38.1E,14.42047156,-8.9,-10.5,-4.3,1.22E+12,2.8
6/2/2018 16:44,28.7,21.2S,23.3E,16.88135066,0.9,3.9,-16.4,3.75E+11,0.98
5/12/2018 3:26,34,6.5S,173.7E,14.95836351,6.575,-8.841666667,10.11666667,1.93E+11,0.54
5/8/2018 2:27,31.63333333,32N,60.7W,13.07727301,-6.5,7.8,-8.241666667,7.30E+10,0.23
5/3/2018 7:23,39,46.9N,7.5W,11.46908889,1.3,-11.2,-2.1,3.80E+10,0.13
4/30/2018 13:17,34,45.5S,1.4W,13.12211873,8.7,2.5,-9.5,3.00E+10,0.1
4/21/2018 12:06,28.2,59.0S,45.8E,14.60068492,7.1,11.9,-4.6,3.60E+10,0.12
4/19/2018 14:02,30,7.5N,3.6E,20.85713307,-9.1,18.6,-2.5,7.20E+10,0.23
4/19/2018 13:39,31.5,22.2S,72.6E,10.93526406,-5.9,1.4,-9.1,5.12E+11,1.3
4/7/2018 3:05,31.5,72.4N,78.7W,14.74624717,7.633333333,9.391666667,8.425,8.60E+10,0.27
2/21/2018 1:28,31.5,13.5S,37.1W,13.13697073,-0.9,-0.4,13.1,7.10E+10,0.22
2/15/2018 13:38,50.7,43.8S,1.1W,16.34809919,-10.925,9.933333333,-7.016666667,2.70E+10,0.095
2/12/2018 2:15,32,15.9S,58.9W,15.00513801,-8.683333333,8.416666667,8.883333333,3.90E+10,0.13
2/8/2018 22:21,43.5,42.9N,179.7E,11.79302112,-7.7,-6.691666667,-5.916666667,2.59E+11,0.7
2/1/2018 12:21,37,19.4S,104.3E,16.52452722,8.1,-11.7,-8.4,1.90E+11,0.53
1/22/2018 22:06,37.13333333,14.0N,17.4W,13.71277284,-6.466666667,7.991666667,9.075,3.20E+10,0.11
1/15/2018 2:18,43.6,52.0S,57.2E,23.72614592,18.6,8.4,-12.1,1.99E+11,0.56
1/6/2018 21:24,26,55.8N,52.5E,21.03069186,0.8,-20.9,2.2,2.80E+10,0.098
1/6/2018 18:24,26,39.5S,12.8E,15.98568153,-9.816666667,8.841666667,-9,3.60E+10,0.12
12/31/2017 9:36,64.5,63.5S,101.3W,16.96135108,12.025,7.408333333,9.391666667,4.40E+10,0.15
12/29/2017 12:47,38,14.6N,49.5W,15.00879603,9.366666667,6.491666667,9.766666667,1.10E+11,0.33
12/28/2017 17:45,34.23333333,125.67280843218872W,58.312142999745014N,12.41987095,7.925,-8.241666667,-4.85,1.14E+11,0.34
12/15/2017 13:14,20,60.2N,170.0E,31.43469421,27.8,-13.9,-4.7,3.11E+12,6.4
11/19/2017 4:17,33.3,24.2S,135.0E,11.41971979,6.7,8.6,-3.4,2.80E+10,0.098
10/26/2017 22:05,42.5,21.3S,177.6E,15.78254354,10.3,-8.291666667,-8.616666667,5.58E+11,1.4
10/23/2017 15:31,35.4,28.8N,44.6E,16.71017654,-5.7,-11.5,-10.7,2.40E+10,0.086
10/15/2017 4:33,24.1,65.2S,128.2E,15.91320207,9.5,9.7,-8.3,3.30E+10,0.11
10/9/2017 12:51,33.55,18.3S,64.1W,13.96225567,-7.691666667,-5.433333333,-10.30833333,3.00E+10,0.1
10/4/2017 12:07,37,28.1N,99.4E,14.63181465,-8.5,7.8,-9,1.92E+11,0.54
9/5/2017 5:11,36,49.3N,116.9W,14.70170058,12.7,-4.2,-6.1,3.80E+10,0.13
7/31/2017 22:01,39,24.7N,118.5W,16.72866386,7.341666667,9.65,-11.525,5.80E+10,0.19
7/23/2017 6:12,38,6.6S,69.7W,17.17236151,-0.4,-14.8,8.7,3.50E+10,0.12
7/13/2017 9:30,35,23.1N,60.7E,13.72916603,-10,-6.8,-6.5,7.30E+10,0.23
6/30/2017 14:26,20,34.3S,134.5E,15.18354372,10.9,4.2,-9.7,9.40E+10,0.29
6/23/2017 20:21,35.1,57.0N,143.7E,24.31028589,17.7,-10.3,13.1,1.84E+11,0.52
6/20/2017 13:41,33.3,54.2S,133.0E,13.6242431,8.7,8.8,-5.7,6.36E+11,1.6
5/24/2017 7:03,46,9.1S,101.8E,18.42552577,-6.5,-5,-16.5,9.00E+10,0.28
5/22/2017 17:44,33,49.6S,157.6W,14.21284142,-9.425,6.375,-8.516666667,3.50E+10,0.12
5/14/2017 9:30,33,26.0S,32.4E,16.75108205,-9.441666667,8.316666667,11.05833333,3.50E+10,0.12
4/30/2017 21:28,32.4,25.7S,56.2E,21.45716663,-13.4,8.9,-14.2,1.50E+11,0.43
3/11/2017 4:51,28,28.3N,60.2W,15.74132257,9.125,5.366666667,-11.65,1.26E+12,2.9
3/9/2017 4:16,23,40.5N,18.0W,36.5016438,-15.3,-20.8,25.8,4.00E+11,1
3/8/2017 22:21,37,26.1S,174.9E,15.16720008,9.916666667,7.141666667,-8.983333333,7.20E+10,0.23
2/25/2017 1:22,25.4,29.5N,13.5E,12.2102416,-7.6,2.2,-9.3,6.50E+10,0.21
2/22/2017 18:47,36.275,50.7S,66.0W,13.91748002,6.091666667,6.858333333,-10.46666667,3.80E+10,0.13
2/18/2017 19:48,38,6.2N,60.4E,24.22684462,-6.6,-5.3,-22.7,2.95E+11,0.79
2/7/2017 17:37,54,27.4S,14.8W,15.0550333,-9.058333333,7.975,9,2.00E+10,0.073
2/6/2017 6:09,33.5,10.4N,131.6E,16.49421405,-10.775,9.991666667,7.491666667,6.60E+10,0.21
12/23/2016 3:29,42,21.3N,49.3E,29.68113879,-22.4,-10.5,16.4,3.80E+10,0.13
12/7/2016 4:51,36.575,34.5S,126.6W,13.93582015,8.283333333,5.958333333,9.491666667,1.17E+11,0.35
11/29/2016 8:05,33.36666667,30.6S,93.1W,15.81966515,-7.041666667,7.1,12.25833333,3.10E+10,0.11
11/24/2016 14:10,30.6,15.2S,80.3E,17.38792685,9.1,9.7,-11.2,1.38E+11,0.4
11/3/2016 17:14,37,39.6S,16.3W,14.00261384,7.675,8.691666667,-7.85,7.60E+10,0.24
10/1/2016 20:23,27.8,36.2N,6.7E,14.20211252,-10,-9.3,3.9,3.10E+10,0.11
9/22/2016 4:57,40,51.8S,178.5E,17.49685686,-2.5,17,-3.3,7.10E+10,0.22
9/14/2016 15:01,54,3.5S,44.6E,18.2751197,3.5,7.7,-16.2,7.60E+10,0.24
8/27/2016 21:45,42,56.9S,162.2E,16.26809676,-6.741666667,7.483333333,12.775,1.42E+11,0.41
8/11/2016 5:59,34.3,43.7S,53.8E,14.92012064,-0.7,9.6,-11.4,1.84E+11,0.52
8/5/2016 18:02,32.4,46.4N,171.6E,15.76455456,7.941666667,-6.5,11.96666667,1.21E+11,0.36
7/21/2016 0:48,37,7.8N,1.6W,18.19621069,-8.641666667,5.583333333,15.00833333,4.50E+10,0.15
7/5/2016 1:24,38.2,1.0N,48.6E,25.09840632,-10.3,-22.8,-2,1.53E+11,0.44
6/27/2016 10:02,33.3,15.8N,11.9W,29.14704102,-29.1,0.7,1.5,4.58E+11,1.2
6/5/2016 6:12,28.7,17.4S,138.3E,14.49482666,6,5.7,-11.9,3.31E+11,0.87
6/2/2016 10:56,41.975,33.8N,110.9W,15.8509792,-11.09166667,-7.258333333,8.691666667,1.72E+11,0.49
5/29/2016 12:14,32,10.2N,48.8W,17.81715388,-10.18333333,9.525,-11.09166667,6.90E+10,0.22
5/20/2016 11:59,30.6,32.8S,15.1E,20.81874156,5.4,17.5,-9.9,2.00E+10,0.073
5/16/2016 10:09,41.7,3.2N,6.6E,12.16305883,-6.7,-9.6,-3.3,5.19E+11,1.3
5/13/2016 0:34,33,26.2N,122.3W,13.93443477,5.241666667,-9.058333333,-9.2,1.01E+11,0.31
4/24/2016 5:39,50,9.8N,42.8W,16.36040486,-11.05,9.483333333,-7.458333333,1.46E+11,0.42
4/18/2016 11:59,31.5,20.7N,14.5W,17.1070161,-3.5,-16.6,2.2,2.24E+11,0.62
4/12/2016 9:51,41.90833333,38.3N,162.2E,19.36542236,13.99166667,8.091666667,-10.66666667,2.00E+10,0.073
4/10/2016 14:57,35.2,22.0N,149.0E,15.14793715,4.7,-6.4,-12.9,6.55E+11,1.6
3/16/2016 23:54,42,49.2S,6.3W,13.28796448,-7.6,6,9.1,3.20E+10,0.11
3/3/2016 1:32,31.8,48.0S,51.0E,11.65589979,4.8,7.9,-7.1,5.80E+10,0.19
2/23/2016 3:59,44,32.3N,67.2E,17.9248431,-8.5,-15.7,-1.6,3.50E+10,0.12
2/21/2016 5:58,32,36.5N,37.2W,16.23839757,-8.066666667,8.933333333,10.9,3.69E+11,0.96
2/19/2016 8:15,39.4,0.7N,11.6W,15.46188863,-14.9,4.1,-0.5,2.02E+11,0.56
2/6/2016 13:55,31,30.4S,25.5W,15.57369577,2.7,5,14.5,6.85E+12,13
1/27/2016 9:59,37,45.8S,53.6E,11.50304308,-10,3.6,-4.4,5.00E+10,0.16
1/21/2016 16:44,42.5,10.8S,0.7E,18.14304274,-3.8,-1.2,-17.7,4.60E+10,0.15
12/30/2015 13:07,39,33.8N,160.7W,16.05448406,9.641666667,-11.38333333,5.933333333,2.20E+10,0.079
12/21/2015 2:32,42.2,5.9N,143.0E,12.13301282,6.4,2.5,-10,8.30E+10,0.26
12/8/2015 0:34,38,69.9S,150.5E,15.26597751,12.53333333,-5.325,6.9,1.97E+11,0.55
11/13/2015 14:59,28,16.0N,124.3E,16.21264296,10.41666667,-8.466666667,9.091666667,1.02E+11,0.31
11/2/2015 21:34,37,41.4S,33.0E,16.65383256,11.84166667,9,7.491666667,7.80E+10,0.24
10/31/2015 11:34,71,9.0N,138.0W,14.55637985,-10.275,-6.083333333,8.325,9.70E+10,0.29
10/13/2015 12:23,38.9,8.0S,52.5W,12.89030644,-6.6,10.4,3.8,2.30E+10,0.082
10/11/2015 0:07,34.11666667,55.4S,18.8W,14.86010225,-9.283333333,8.958333333,-7.375,3.00E+10,0.1
10/10/2015 9:57,51.8,51.0S,21.1W,11.83469476,-1.3,10.6,-5.1,3.60E+10,0.12
10/4/2015 21:02,36.1,22.0N,171.6W,13.21261497,7.191666667,-7.85,7.825,4.40E+10,0.15
9/17/2015 21:03,36.5,43.1S,94.9E,14.35439828,8.641666667,-8.016666667,-8.191666667,9.80E+10,0.3
9/14/2015 23:50,34.15833333,5.8N,15.2W,12.52692655,-8.083333333,-6.416666667,-7.1,7.00E+10,0.22
9/8/2015 13:46,44.4,6.3N,29.9E,16.14775526,-11.5,-0.9,-11.3,2.00E+10,0.073
9/7/2015 1:41,29.3,14.5N,98.9E,20.99237957,16.8,-3.8,-12,1.80E+12,3.9
9/2/2015 20:10,39.8,39.1N,40.2E,24.06096424,10.3,-18,-12.2,3.70E+10,0.13
7/19/2015 7:06,22,20.6N,87.6W,17.83816134,9.4,7.8,13,2.30E+10,0.082
7/12/2015 22:23,41,31.0N,159.6E,14.04913995,8.183333333,-8.083333333,8.066666667,2.20E+10,0.079
7/4/2015 1:40,46.3,38.6N,103.1E,48.9924484,0.9,-27.7,-40.4,5.60E+10,0.18
6/14/2015 3:03,32.4,6.3N,124.1E,31.85796604,-4.7,-26,-17.8,7.10E+10,0.22
6/12/2015 17:03,43.5,1.3S,32.1W,16.94744532,9,10.125,10.18333333,1.76E+11,0.5
6/10/2015 17:43,61.1,11.5S,161.9W,14.6004257,-8.691666667,7.475,9.041666667,3.84E+11,1
6/2/2015 8:44,34.74166667,6.4S,142.7W,12.07755034,7.116666667,-4.216666667,8.8,3.80E+11,0.99
5/20/2015 10:20,32.4,1.0N,172.6E,12.84044446,-7.066666667,-9.416666667,5.125,3.60E+10,0.12
5/18/2015 17:13,29,32.4N,139.1E,19.06834564,10.225,-7.466666667,14.25833333,4.30E+10,0.14
5/10/2015 7:45,29.6,46.3S,179.3W,12.17949096,11.2,4.7,0.9,1.43E+11,0.42
5/7/2015 20:34,37,21.5S,29.3W,17.26383503,-16.2,1.4,-5.8,5.20E+10,0.17
4/30/2015 10:21,26.7,48.7S,139.1E,12.93406355,12.2,0.9,-4.2,1.05E+11,0.32
4/21/2015 1:42,37.4,37.7N,39.6W,21.27651287,-15.3,7.4,12.8,8.80E+10,0.27
4/10/2015 1:14,36.44166667,42.8S,8.2E,15.03843686,11.03333333,5.758333333,-8.441666667,6.50E+10,0.21
4/8/2015 4:06,36.3,25.5S,51.5E,19.22940457,8,-7.9,-15.6,1.73E+11,0.49
4/3/2015 1:39,27.50833333,8.4N,157.9W,17.02931092,-9.058333333,9.275,11.04166667,4.20E+10,0.14
3/30/2015 21:33,33.1,36.1S,5.5W,13.82823199,-13.7,0.8,-1.7,6.40E+10,0.2
3/18/2015 0:04,50,5.4S,159.3E,15.4452865,8.858333333,-8.641666667,9.241666667,1.21E+11,0.36
3/11/2015 6:18,35.2,8.0N,119.1E,19.91230775,5.5,-16,-10.5,7.20E+10,0.23
3/8/2015 4:26,37.4,39.1S,118.6W,12.80421209,-7.975,-4.816666667,-8.783333333,2.00E+10,0.073
3/4/2015 4:30,39.8,15.9S,88.1E,17.97470445,7.8,-2.5,-16,5.50E+10,0.18
2/26/2015 22:06,33.7,68.0N,149.0W,21.08767412,5.6,-20.2,-2.3,1.88E+11,0.53
2/25/2015 10:53,42,12.4N,122.4W,15.85480343,12.16666667,6.283333333,7.991666667,5.80E+10,0.19
2/17/2015 13:19,39,8.0S,11.2W,28.77429408,-28.2,4.6,3.4,3.30E+10,0.11
1/9/2015 17:31,37.18333333,23.3S,49.2W,17.43972756,-9.525,-7.491666667,-12.54166667,2.20E+10,0.079
1/9/2015 10:41,36,2.0N,28.8E,17.51599269,-10.7,11.6,-7.6,1.39E+11,0.41
1/7/2015 1:05,45.5,45.7N,26.9E,35.71778269,-35.4,-4.4,1.8,1.36E+11,0.4
1/2/2015 13:39,38.1,31.1S,140.0E,18.1,4.5,-10,-14.4,2.00E+10,0.073
12/13/2014 2:53,30.7,86.7N,162.1W,21.721418,15.3,-7.8,-13.3,4.40E+10,0.15
12/12/2014 6:48,26.3,33.5N,144.9E,12.03868764,11.5,-2.2,-2.8,3.30E+10,0.11
12/9/2014 21:19,26.3,76.6N,96.3E,13.25391714,6.291666667,-7.075,9.275,7.80E+10,0.24
11/28/2014 11:47,26.1,45.8S,172.7W,13.37946187,0.4,13.3,-1.4,7.00E+11,1.7
11/27/2014 12:12,38,18.8S,73.4W,13.94408228,-6.975,-8.058333333,-8.991666667,5.50E+10,0.18
11/26/2014 23:16,23.3,69.5S,179.7W,25.26044338,21.3,13.4,2.2,1.18E+11,0.35
11/26/2014 17:40,37,68.2S,24.0W,19.91406538,-7,9.4,16.1,1.05E+11,0.32
11/4/2014 20:13,22.2,43.1N,115.8E,16.04805284,-7.2,-7.7,-12.1,1.56E+11,0.45
10/21/2014 18:55,41.04166667,22.2N,132.9W,13.71536294,7.725,-7.533333333,-8.466666667,3.40E+10,0.12
10/17/2014 14:07,39,4.6S,66.3W,13.62900043,-6.275,-9.325,7.708333333,7.20E+10,0.23
10/14/2014 10:25,27.2,2.0S,119.2E,16.87779606,15,-3.5,-6.9,2.90E+10,0.1
10/6/2014 20:02,36.64166667,43.7S,85.7E,12.75275569,8.05,-5.7,8.083333333,3.90E+10,0.13
9/9/2014 18:55,32.5,3.2N,137.2E,13.99436394,7.633333333,8.7,7.866666667,2.80E+10,0.098
9/5/2014 21:37,36.40833333,22.7N,150.0W,17.176029,9.15,-10.00833333,-10.54166667,3.50E+10,0.12
8/29/2014 23:15,37.30833333,6.2S,49.9W,16.08158453,-9.625,-9.6,-8.591666667,2.60E+10,0.092
8/28/2014 3:07,34.66666667,3.2N,45.4W,13.69146378,-7.2,10.23333333,-5.558333333,3.40E+10,0.12
8/23/2014 6:29,22.2,61.7S,132.6E,17.60766878,-2.3,16.5,5.7,3.82E+12,7.6
7/29/2014 7:38,37.16666667,49.2S,172.2W,19.51392309,9.925,11.70833333,-12.05,7.30E+10,0.23
7/29/2014 3:07,34.29166667,33.9S,115.9W,13.28147729,7.625,9.541666667,-5.216666667,5.30E+10,0.17
6/28/2014 2:40,26.3,18.9N,141.2E,16.32482772,12,-10.5,3.5,2.45E+11,0.67
6/26/2014 5:54,28.5,71.5S,93.4E,11.23832728,7,8.3,2.9,6.10E+10,0.2
5/29/2014 1:12,28.7,21.9N,131.1W,14.7517466,6.208333333,-10.575,8.2,5.80E+10,0.19
5/16/2014 20:06,30.8,39.4S,95.9W,18.55316685,2.9,-12.5,13.4,1.36E+11,0.4
5/16/2014 12:42,44,44.2S,176.2W,16.4550904,14.4,6.5,4.6,3.09E+11,0.82
5/8/2014 19:42,35.4,36.9S,87.3E,19.00578859,-2,9.9,-16.1,1.05E+12,2.4
3/29/2014 13:45,30.7,28.7S,121.5E,16.31349135,10,2.2,-12.7,3.90E+10,0.13
3/18/2014 11:02,30.5,0.0N,111.8W,18.08072562,-13.10833333,-10.31666667,-6.975,5.40E+11,1.3
3/3/2014 15:00,35.625,29.0S,94.9W,18.35205294,8.816666667,9.375,13.08333333,9.40E+10,0.29
2/18/2014 12:50,41,32.8S,61.5W,15.01397728,-7.133333333,8.2,10.35833333,2.60E+10,0.092
2/13/2014 6:47,25,13.3N,110.7W,13.31167251,-7.683333333,7.341666667,8.016666667,6.30E+11,1.5
1/15/2014 2:46,29.6,18.5S,141.8E,16.18591637,-7.566666667,-10.25,-9.983333333,1.40E+11,0.41
1/12/2014 16:00,37,2.9N,64.4E,16.18054387,-5.2,2.6,-15.1,7.80E+10,0.24
1/8/2014 17:05,18.7,1.3S,147.6E,44.83190828,-3.4,-10.3,-43.5,3.10E+10,0.11
12/23/2013 8:30,34.3,39.5N,2.0E,15.13869215,-1.1,-9.9,11.4,1.47E+11,0.43
12/8/2013 3:10,23.5,32.8N,165.1W,11.79957626,2.3,-11.3,2.5,6.40E+10,0.2
11/21/2013 1:50,59.3,44.7N,35.3E,12.38103388,-5,-2.7,-11,7.50E+10,0.23
10/12/2013 16:06,22.2,19.1S,25.0W,12.83783471,-8,-5.5,8.4,1.61E+12,3.5
10/9/2013 17:27,35.23333333,167.35897683425972W,87.8101132458057S,13.75089896,6.85,6.283333333,10.13333333,6.00E+10,0.19
9/24/2013 15:31,40.7,10.3S,164.7W,14.95150959,8.883333333,-7.891666667,-9.075,1.60E+11,0.46
8/12/2013 18:08,66.6,34.4S,118.2E,13.45905571,-8.6,5.958333333,8.466666667,4.40E+10,0.15
7/31/2013 7:00,39.60833333,46.86495132810965W,56.42393590311904N,17.50687167,-8.7,-6.316666667,-13.81666667,3.90E+10,0.13
7/31/2013 3:50,29.1,31.8S,137.1E,17.84908961,17.7,-0.1,-2.3,6.90E+10,0.22
7/30/2013 2:36,25.6,50.2S,90.2E,18.78243861,15.9,5.1,-8.6,3.90E+11,1
7/27/2013 8:30,26.5,0.3N,156.2E,22.11108319,16,-3.3,14.9,1.20E+11,0.36
7/26/2013 11:32,37,21.0N,178.5W,15.01933245,8.166666667,9.45,8.341666667,2.00E+10,0.073
7/18/2013 0:46,35.4,95.5278989567948W,61.369464435257676N,18.55769719,13.88333333,9.941666667,-7.266666667,2.20E+10,0.079
6/13/2013 2:51,35.15833333,140.38088881809963W,10.681403319584419S,13.7822299,7.691666667,-6.725,-9.25,2.20E+10,0.079
6/1/2013 22:49,28.9,65.6S,138.4E,17.36024553,-12.65,6.875,9.7,3.40E+10,0.12
5/14/2013 23:20,36.38333333,3.0S,76.4E,14.63184787,8.708333333,-7.741666667,8.85,2.00E+10,0.073
4/30/2013 8:40,21.2,35.5N,30.7W,12.08304597,1,-8,9,5.11E+12,10
4/21/2013 6:23,40.7,28.1S,64.6W,14.89966443,5,1,14,1.07E+12,2.5
3/12/2013 10:32,26,32.7S,17.1E,13.25904827,7.766666667,-8.175,-6.975,2.90E+10,0.1
2/20/2013 13:13,34.10833333,23.0S,38.8W,13.6381817,-11,-1,-8,3.20E+10,0.1
2/15/2013 3:20,23.3,54.8N,61.1E,18.61424186,12.8,-2.4,-13.3,3.75E+14,440
2/7/2013 13:12,34.69166667,18.8S,158.6W,14.16368841,-8.466666667,-8.525,7.5,6.50E+10,0.21
1/25/2013 7:40,32,60.3N,64.6W,13.74997727,7.525,8.575,7.675,3.40E+12,6.9
1/12/2013 3:04,36.1,15.1S,155.6W,13.08407907,6.866666667,-5.716666667,-9.558333333,4.80E+10,0.16
12/30/2012 7:25,33.825,17.3N,83.6W,14.35212431,-7.841666667,9.333333333,-7.575,1.98E+11,0.55
12/18/2012 11:19,36.925,12.37860397138558W,23.641232513638812N,17.16428988,-9.05,-12.48333333,-7.541666667,2.70E+10,0.095
11/20/2012 20:37,33.3,2.5N,29.6E,14.31851948,-12.2,5.3,-5.3,2.50E+10,0.089
11/20/2012 6:25,35.63333333,8.0S,86.0W,14.84369722,10.38333333,-4.6,9.558333333,1.20E+11,0.36
10/25/2012 15:57,35.61666667,10.585983531111832W,82.6023314396561N,15.96309981,10.45,-7.483333333,9.466666667,3.00E+10,0.1
10/19/2012 16:26,29.3,75.4S,49.6E,13.20075755,-2.3,12.4,-3.9,2.30E+10,0.082
10/9/2012 0:54,27.8,51.2N,84.6W,13.47479128,3.4,5.1,12,2.10E+11,0.58
10/3/2012 22:50,35.86666667,41.5S,21.9W,16.99470506,-2.4,15.9,5.5,2.80E+11,0.75
10/2/2012 16:38,35,8.1S,111.9W,15.39642816,1.4,1,15.3,4.70E+11,1.2
9/28/2012 5:44,34.18333333,6.9S,73.7E,15.92829636,-6.45,8.325,-11.95,3.80E+10,0.13
9/18/2012 19:34,28.1,1.2N,52.2W,18.29398808,-1.9,-11.5,14.1,2.44E+11,0.67
9/11/2012 22:07,33.75833333,18.9S,105.2E,14.8343773,-9.35,7.575,-8.675,5.20E+10,0.17
9/10/2012 1:03,23.8,69.8S,111.7W,16.87720356,-10.2,12.4,-5.2,2.30E+10,0.082
8/27/2012 6:57,38.7,18.3S,64.2E,28.912627,-8,-14.5,-23.7,6.80E+10,0.22
8/26/2012 14:55,36,11.8N,117.0E,12.65108691,5,-0.7,-11.6,2.49E+11,0.68
8/13/2012 5:31,36.78333333,102.13750294426013E,82.90313872174654N,15.80633444,-5.858333333,9.441666667,11.24166667,3.30E+10,0.11
7/27/2012 4:19,27.2,63.1N,172.3E,12.67003793,-5.65,8.208333333,-7.825,3.40E+10,0.12
7/25/2012 7:48,26.8,36.4N,41.5E,18.52565788,0.8,-18.4,2,1.33E+11,0.39
6/5/2012 7:44,34.31666667,123.7066851689893W,59.86291696369039S,14.60045186,8.916666667,9.475,6.625,2.40E+10,0.086
5/25/2012 11:31,40.66666667,41.8S,36.2W,16.65592362,9.691666667,-6.883333333,11.66666667,6.00E+10,0.19
5/22/2012 8:31,34.21666667,50.28286793275066E,76.57575269003135S,16.38438238,9.175,9.041666667,-10.125,2.11E+11,0.59
5/15/2012 11:04,33.3,61.8S,135.5W,17.05432496,-0.8,17,1.1,1.32E+11,0.39
5/4/2012 21:54,31.21666667,76.7N,10.6W,13.58912453,-5.125,8.158333333,-9.583333333,2.29E+11,0.63
4/23/2012 22:01,25.2,36.2N,107.4E,14.77780336,8.7,7.958333333,-8.908333333,4.40E+10,0.15
4/21/2012 16:08,36.11666667,15.8S,174.8W,15.19588303,8.216666667,-8.525,-9.525,1.43E+11,0.42
4/19/2012 22:12,38.325,5.5N,16.8E,13.19389063,-9.125,-6.625,-6.85,3.00E+10,0.1
4/2/2012 16:50,34.90833333,28.1N,95.2W,15.41998613,-9.016666667,-9.291666667,-8.375,3.20E+10,0.11
3/12/2012 6:40,25,2.5N,139.8E,11.80423653,0.1,0.3,-11.8,9.90E+10,0.3
3/3/2012 21:28,20.4,7.8N,2.7E,14.51291092,7.091666667,5.441666667,-11.43333333,1.01E+11,0.31
3/1/2012 3:12,35.75833333,46.9N,29.8W,15.21549831,9.366666667,-9.233333333,7.65,2.20E+10,0.079
2/24/2012 19:11,38.33333333,22.7S,30.8E,15.66443911,-8.275,-8.425,10.29166667,3.70E+10,0.13
2/17/2012 10:47,45.6,3.2S,39.9W,13.99655215,-7.441666667,-6.3,10.04166667,1.54E+11,0.44
2/12/2012 5:25,61,31.7S,54.9E,16.1581034,-9.416666667,-9.125,9.441666667,1.40E+11,0.41
2/4/2012 14:42,34.2,32.4N,0.1E,12.24826518,-3.9,4,10.9,1.50E+11,0.43
1/15/2012 12:26,26.3,64.1S,109.9E,12.27273401,-1.9,11,5.1,2.10E+10,0.076
1/11/2012 2:23,35.075,32.2N,88.5E,14.46316202,7.783333333,8.383333333,-8.85,8.50E+10,0.26
12/19/2011 11:35,36.1,30.2S,52.6E,17.49781137,-6.6,-8.275,-13.93333333,1.35E+11,0.4
12/14/2011 5:01,32.4,62.9S,89.6E,14.12323489,9.075,6.708333333,-8.491666667,5.00E+10,0.16
12/11/2011 17:29,32.98333333,145.32382920363537W,79.38348422141799N,16.00211358,7.625,-10.98333333,8.791666667,2.90E+10,0.1
11/20/2011 5:25,39.79166667,27.9S,116.3E,11.28244704,-7.6,4,7.316666667,2.30E+10,0.082
10/12/2011 7:13,36.725,26.4S,78.4W,12.47749363,6.791666667,-7.9,-6.866666667,3.60E+10,0.12
9/13/2011 23:36,21.3,19.9S,13.8W,16.71436508,-3.7,16.2,1.8,6.70E+10,0.21
8/31/2011 9:44,35.175,18.6N,5.1W,17.79861106,9.716666667,-7.566666667,12.85,2.70E+10,0.095
8/20/2011 20:01,41.26666667,27.2S,2.8W,13.52992825,7.316666667,5.758333333,9.816666667,2.30E+10,0.082
8/18/2011 14:55,38.69166667,169.76600666615064E,40.21556033811448S,13.26001194,-9.408333333,7.666666667,5.341666667,2.30E+10,0.082
8/11/2011 2:56,35.2,114.18433883277761W,5.376612416713749S,17.58520922,9.208333333,-9.641666667,11.46666667,3.50E+10,0.12
8/4/2011 7:25,63,40.7S,86.7W,13.06770298,-7.625,-5.583333333,9.025,2.80E+10,0.098
7/27/2011 23:00,29.6,45.3S,63.5E,16.13275223,-8.325,5.125,12.83333333,4.40E+10,0.15
7/7/2011 23:25,32.28333333,47.494442139433914E,31.36923388841072N,16.38381866,-12,-7.933333333,-7.841666667,3.30E+10,0.11
7/5/2011 15:42,40.7,29.1N,139.7E,16.34652104,11.20833333,-5.083333333,10.75833333,6.50E+10,0.21
7/4/2011 9:18,31.98333333,51.7S,175.0E,16.39284651,-9.391666667,8.841666667,10.11666667,2.90E+10,0.1
6/16/2011 11:51,40.5,67.3N,21.4W,21.77131459,-11.025,12.69166667,13.83333333,2.40E+10,0.086
5/25/2011 5:40,59,4.1N,14.0E,11.57410904,-3.4,2.4,-10.8,2.28E+12,4.8
5/16/2011 13:39,42.35833333,1.2S,92.8E,15.58200975,-8.866666667,-8.225,9.825,2.00E+10,0.073
4/27/2011 20:38,28.7,1.4N,126.6W,16.70976303,-12.50833333,-7.966666667,-7.7,2.20E+11,0.61
4/27/2011 11:21,35.90833333,113.01447563379566W,71.88060622634939N,15.77757067,-8.675,-10.25,-8.283333333,2.40E+10,0.086
4/17/2011 11:21,38.40833333,79.98656502639696W,81.11389032657665N,12.30298631,-4.258333333,-8.858333333,-7.4,2.40E+10,0.086
4/6/2011 8:30,22.2,71.1N,43.5W,12.74284113,3.3,-3.5,11.8,1.48E+11,0.43
3/24/2011 20:23,59,0.6N,127.5W,16.03570885,12.08333333,-7.391666667,7.516666667,5.80E+10,0.19
3/23/2011 4:24,35.875,54.080564797500024W,13.446038465021505N,17.87747263,9.175,9.466666667,12.075,3.10E+10,0.11
3/23/2011 4:16,33.775,16.8S,85.6W,13.76935506,7.333333333,6.108333333,9.925,2.20E+10,0.079
3/1/2011 10:37,30.6,53.5N,103.9E,11.92224811,-6.7,-9.8,-1.1,3.70E+10,0.13
2/21/2011 5:07,44.4,26.3N,43.7E,18.03163886,10.3,0.1,-14.8,3.90E+10,0.13
2/12/2011 11:00,36.875,7.8N,95.3W,17.92485278,10.03333333,-9.35,-11.54166667,2.00E+10,0.073
1/21/2011 15:11,61,18.9N,44.6W,16.07978588,9.758333333,-9.966666667,8,7.20E+10,0.23
1/8/2011 19:38,48,33.3N,125.8W,17.49048352,9.666666667,-10.55,10.05833333,2.90E+10,0.1
12/25/2010 23:24,26,38.0N,158.0E,18.54723699,18,-4,-2,2.00E+13,33
12/14/2010 0:27,24,4.9S,175.5E,16.38650783,7.725,9.183333333,11.15833333,3.90E+10,0.13
12/9/2010 2:54,66,54.5S,169.7W,14.89674414,7.625,-8.675,9.408333333,6.30E+10,0.2
12/1/2010 6:31,33.3,72.5S,144.9E,17.2764029,-10.825,-10.40833333,-8.541666667,1.33E+11,0.39
11/21/2010 14:45,50,1.9N,143.3E,16.24746561,-11.34166667,-7.6,8.808333333,8.10E+10,0.25
11/19/2010 7:25,30,10.3S,148.8E,13.92879212,6.908333333,9.041666667,8.033333333,3.30E+10,0.11
11/10/2010 8:26,37.58333333,74.5N,77.7W,14.67380035,10.75833333,5.816666667,8.108333333,6.80E+10,0.22
11/9/2010 13:05,37,56.3S,16.7W,15.09864784,-10.71666667,8.366666667,6.566666667,8.60E+10,0.27
11/9/2010 6:56,26,14.0S,160.0W,18.66202509,-12.78333333,8.483333333,-10.625,2.00E+10,0.073
10/27/2010 11:27,35.2,14.1S,67.7E,13.88367847,-8.375,9.208333333,6.15,1.45E+11,0.42
10/8/2010 9:58,34.11666667,126.34940924788454W,72.74436162558584S,19.79341922,12.23333333,11.25,10.75,2.00E+10,0.073
9/24/2010 12:02,31.46666667,67.4S,50.6W,15.58479494,8.066666667,-10.38333333,-8.366666667,5.00E+10,0.16
9/18/2010 5:04,33.34166667,7.4N,36.7E,17.06497794,9.841666667,8.691666667,-10.9,6.70E+10,0.21
9/8/2010 19:51,46.3,13.9S,65.5W,16.9247292,-10.30833333,9.516666667,-9.466666667,6.50E+10,0.21
9/5/2010 23:37,35.2,25.9S,49.0E,16.03968386,8.191666667,10.76666667,8.616666667,6.83E+11,1.7
9/3/2010 12:04,33.3,61.0S,146.7E,12.26947432,9.8,6.5,-3.5,1.75E+12,3.8
8/17/2010 4:19,33.3,20.7N,114.3W,16.51771986,9.083333333,-9.15,-10.325,2.10E+10,0.076
7/15/2010 1:49,37.30833333,60.9N,178.1W,16.77359242,-10.70833333,7.85,10.25,2.40E+10,0.086
7/6/2010 23:54,26,34.1S,174.5W,15.69872606,12.1,0.2,10,7.56E+12,14
6/26/2010 6:04,50,0.5S,133.2E,18.60051523,11.16666667,9.333333333,-11.58333333,1.13E+11,0.34
6/21/2010 6:42,35.28333333,22.5S,120.9W,14.93023824,8.933333333,-8.916666667,7.975,1.63E+11,0.47
6/17/2010 4:24,42,26.1S,100.0E,16.38871139,-6.191666667,13.45,-7.025,1.19E+11,0.35
4/17/2010 2:21,35.78333333,13.1N,173.0W,16.81141725,10.81666667,10.19166667,-7.858333333,5.60E+10,0.18
4/16/2010 4:38,22.2,1.8N,176.9W,18.84250514,12.4,-5.2,-13.2,8.44E+11,2
4/6/2010 18:33,36.79166667,52.8N,146.5W,16.41809638,11.48333333,7.283333333,9.2,8.00E+10,0.25
3/18/2010 16:11,34.99166667,32.4S,51.8W,14.87450746,-10.725,-8.641666667,-5.616666667,1.75E+11,0.5
3/15/2010 15:55,35.20833333,132.80212277529412W,35.80152097024493S,15.94916621,-10.25833333,-9.05,-8.2,8.00E+10,0.25
3/14/2010 18:44,35.6,33.8N,90.2W,14.00055802,10.9,6.3,-6.125,4.20E+10,0.14
3/8/2010 22:44,53,18.2N,110.1E,15.6456974,-9.95,6.641666667,10.08333333,3.00E+10,0.1
3/8/2010 22:02,52,32.0N,92.9W,24.50102039,19.1,10.7,11,3.23E+11,0.85
2/28/2010 22:24,37,48.7N,21.0E,15.06618731,-11.7,-9.1,2.7,1.53E+11,0.44
2/26/2010 22:46,31.275,37.3S,166.0W,16.13010686,-6.683333333,-7.858333333,12.4,2.37E+11,0.65
2/24/2010 19:55,37.675,2.6S,102.2W,14.1672941,4.6,-8.366666667,-10.46666667,9.30E+10,0.28
1/15/2010 19:17,25,8.3S,27.0E,14.00892573,-9.1,8.8,6,4.92E+11,1.2
12/31/2009 16:24,33.18333333,78.54010567244526E,79.65538132956631S,16.1279304,-11.59166667,7.933333333,7.925,8.30E+10,0.26
12/31/2009 12:50,20.7,37.9N,178.3W,13.00176804,-9.716666667,6.041666667,-6.175,1.02E+11,0.31
11/25/2009 1:36,38.26666667,52.8S,136.5E,17.71831483,13.50833333,-7.166666667,8.95,6.40E+10,0.2
11/21/2009 20:53,38,22.0S,29.2E,32.04684072,3,27,-17,1.00E+13,18
11/18/2009 17:36,34.89166667,46.919933745486475E,16.08844400999659S,14.19833715,-6.45,-5.683333333,-11.3,8.50E+10,0.26
11/18/2009 7:07,31.5,40.4N,113.2W,16.46643471,-12.09166667,5.766666667,-9.575,7.36E+11,1.8
11/14/2009 19:58,33.95,176.05741791288648E,75.13117074087212N,13.8712132,10.05,7.416666667,6.033333333,2.30E+10,0.082
11/7/2009 11:31,34.91666667,45.5N,157.7W,16.34876185,-9.091666667,-9.033333333,-10.15,2.20E+10,0.079
11/7/2009 10:41,37,24.0N,64.1E,16.06544342,9.591666667,-8.7,9.508333333,4.20E+10,0.14
10/11/2009 12:49,27.8,78.3S,70.2E,14.67829558,-9.275,-7.2,-8.808333333,7.10E+10,0.22
10/8/2009 2:57,19.1,4.2S,120.6E,22.09072203,14,-6,-16,2.00E+13,33
9/27/2009 22:22,37,36.0S,67.6W,14.81784304,-7.133333333,7.075,10.89166667,8.90E+10,0.27
9/18/2009 20:13,33.44166667,7.7N,29.5W,14.79616598,-7.725,6.975,-10.51666667,1.44E+11,0.42
9/4/2009 2:23,28.3,42.5N,110.0E,23.98853893,19.2,-8.5,-11.6,9.65E+11,2.3
8/23/2009 21:17,34,67.7S,18.3E,12.1634699,-6.9,8.5,5.3,2.80E+11,0.75
7/31/2009 2:13,35.775,8.9N,121.9W,16.77181208,12.9,8.458333333,6.583333333,2.50E+10,0.089
7/16/2009 6:39,32.2,24.4S,59.8W,14.55771559,-8.091666667,-10.08333333,-6.691666667,7.27E+11,1.8
7/3/2009 4:02,36.26666667,31.799803291959957E,62.25951353573449N,14.2670585,-7.058333333,8.666666667,8.866666667,2.70E+10,0.095
6/27/2009 13:08,26.1,26.6S,12.6W,15.20559108,-11.6,9.7,1.6,3.20E+10,0.11
6/20/2009 11:04,36.66666667,34.81015281096955W,12.610677814973187N,14.51513339,10.74166667,-6.158333333,-7.575,2.70E+10,0.095
6/18/2009 4:39,57.4,23.7S,16.0W,13.65629942,-8.65,-8.158333333,-6.716666667,3.30E+10,0.11
6/9/2009 22:42,34.2,54.9N,152.7W,21.22645591,11.325,7.858333333,-16.14166667,2.81E+11,0.76
5/31/2009 6:05,36.925,19.7N,121.0W,12.53332779,8.441666667,7.283333333,5.725,1.43E+11,0.42
5/13/2009 20:20,38.20833333,129.3477676724488E,73.94066400026972N,11.7920318,5.933333333,8.35,-5.841666667,7.30E+10,0.23
5/4/2009 11:39,40.7,36.4N,160.4W,16.19758427,10.60833333,8.95,8.35,1.40E+11,0.41
4/20/2009 4:01,31.15,6.0N,84.3E,15.80410021,6.808333333,8.108333333,-11.73333333,2.20E+10,0.079
4/10/2009 18:42,32.4,44.7S,25.7E,19.08035639,-18.9,0.3,2.6,2.70E+11,0.73
3/4/2009 0:38,38.58333333,26.766880878018238W,27.695074070396757S,15.04581429,9.425,6.208333333,9.95,1.70E+11,0.48
2/20/2009 12:15,28.65,64.9S,70.0W,14.11211556,7.158333333,-4.433333333,-11.325,5.00E+10,0.16
2/7/2009 19:51,40,56.6N,69.8E,15.4071412,-2.4,-15.1,-1.9,1.60E+12,3.5
1/12/2009 22:24,34.85833333,47.8N,44.3W,16.4518827,-8.9,-9.666666667,9.9,4.80E+10,0.16
1/10/2009 7:42,26.5,64.0S,122.8E,17.52645817,9.225,-11.55,-9.416666667,2.30E+10,0.082
12/24/2008 15:51,21.1,68.9S,102.0W,24.10394159,-13.4,8.8,18,3.50E+10,0.12
12/12/2008 11:36,50,7.0S,9.7W,14.13023748,9.033333333,-5.45,9.4,2.16E+11,0.6
12/9/2008 6:08,40.65,83.98058445046291W,76.77572078648306S,13.66428333,-7.825,7.958333333,-7.883333333,3.40E+10,0.12
11/24/2008 22:01,34.8,57.9S,146.1E,23.71518501,21.5,0.4,10,1.46E+11,0.42
11/21/2008 0:26,28.2,53.1N,109.9W,12.90658747,3.9,-11.6,-4.1,1.42E+11,0.41
11/18/2008 9:41,35.2,29.4S,75.9E,22.42855323,-4,-16,-15.2,2.50E+10,0.089
11/9/2008 2:38,29.6,14.5N,112.7E,13.43024417,7.916666667,6.333333333,-8.808333333,2.22E+11,0.61
10/21/2008 2:20,29.6,32.8N,165.6W,11.31591799,9.6,1.5,5.8,4.60E+10,0.15
10/10/2008 9:34,21.4,57.3S,17.0E,18.38334655,11.59166667,-10.425,9.741666667,1.80E+11,0.51
10/7/2008 2:45,38.9,20.9N,31.4E,13.28307193,-9,3.8,9,3.95E+11,1
9/9/2008 9:49,37.01666667,117.8583568067856E,2.134718241690404N,13.83981023,-9.2,-6.016666667,-8.408333333,5.90E+10,0.19
8/16/2008 14:40,31.83333333,11.3N,97.2E,16.78816341,9.041666667,8.408333333,11.375,1.31E+11,0.38
8/12/2008 11:44,38.43333333,11.6S,175.0W,17.05294655,-10.09166667,-9.075,10.325,2.00E+10,0.073
8/7/2008 6:07,45.4,18.5N,180.0E,13.84015896,6.5,1.7,-12.1,4.10E+10,0.14
7/23/2008 14:45,31.5,38.6N,68.0E,14.46858666,-7.7,-9.1,-8.2,1.21E+11,0.36
7/22/2008 19:34,54.4,17.8S,89.2W,10.20116075,-5.408333333,6.416666667,5.8,6.10E+10,0.2
7/11/2008 14:35,37.70833333,45.03248450137951W,17.992903993929595N,16.31178425,5.65,-11.09166667,10.54166667,5.20E+10,0.17
7/8/2008 15:55,52.2,72.8N,147.3E,21.74350478,-12.9,-17.4,1.9,6.60E+10,0.21
7/1/2008 17:40,36.1,37.1N,115.7W,9.765756499,2.8,-9.2,1.7,3.60E+10,0.12
6/27/2008 2:01,33.7,26.9S,17.7W,23.08614303,-17.9,6.6,13,1.72E+11,0.49
6/18/2008 13:45,34.925,6.1N,103.1E,16.3230197,-7.308333333,8.658333333,-11.75,2.10E+10,0.076
5/29/2008 21:23,39.34166667,15.7N,83.5W,14.90528896,-8.183333333,8.691666667,-8.925,2.10E+10,0.076
5/24/2008 10:18,37,0.8N,162.0E,14.21196679,7.9,11.4,3.1,1.50E+11,0.43
5/22/2008 20:50,33.48333333,46.9N,134.5E,15.57840831,6.191666667,6.875,12.53333333,2.10E+10,0.076
5/6/2008 1:08,34.10833333,153.70563035768072E,12.80821274067523S,20.2990062,13.575,-10.125,11.19166667,5.70E+10,0.18
4/30/2008 1:18,36.23333333,33.6S,35.1W,13.59250457,8.141666667,6.65,-8.616666667,2.00E+10,0.073
4/6/2008 16:03,35.175,43.10335565634408W,64.61131699027679N,13.52181879,8.791666667,7.091666667,7.433333333,7.70E+10,0.24
3/15/2008 11:29,26.7,28.0N,41.5W,12.85651586,-4.1,-11.2,4.8,5.00E+10,0.16
2/24/2008 19:33,35.68333333,21.05927118049719E,50.630107432775816S,13.91948325,-6.708333333,-7.1,-9.916666667,7.40E+10,0.23
2/19/2008 13:30,35.81666667,48.9N,119.8W,14.30035207,-7.925,8.333333333,-8.5,2.00E+10,0.073
2/18/2008 8:51,33.26666667,29.23708236512831W,40.99618512275505N,16.39001008,10.10833333,7.975,-10.14166667,5.00E+10,0.16
2/17/2008 12:19,40.4,74.9N,73.4W,13.89316379,-5.8,-6.7,-10.7,1.10E+11,0.33
2/16/2008 8:38,35.65833333,70.75220823784925E,82.32993416432883N,16.41078998,8.758333333,9.075,10.5,7.10E+10,0.22
1/18/2008 1:17,37.50833333,28.633388037223963W,30.928559816664933S,14.18384253,7.933333333,-7.683333333,-8.9,4.40E+10,0.15
1/9/2008 3:53,31.5,66.8S,67.3W,11.56676273,4.3,9.1,5.7,4.10E+10,0.14
12/26/2007 6:46,42.275,61.6S,158.9W,15.1605528,7.991666667,10.475,7.5,1.36E+11,0.4
12/20/2007 17:00,33.95,51.3N,115.4E,15.92148705,9.358333333,-10.75833333,7.083333333,1.22E+11,0.36
10/25/2007 19:35,46.3,40.9S,91.3E,14.20091204,-9.15,8.275,7.033333333,5.80E+10,0.19
10/12/2007 9:14,37,88.5N,116.6E,18.38124044,-4.5,-10.9,-14.1,3.30E+10,0.11
10/7/2007 13:31,40.4,35.2S,125.6E,11.54691217,-6.475,5.433333333,-7.866666667,5.80E+10,0.19
9/22/2007 17:57,30.2,49.2S,85.5W,16.85348629,-9.2,3.8,13.6,2.37E+11,0.65
6/11/2007 9:47,35.2,23.4S,170.9W,16.97468704,16.7,-2.2,-2.1,4.90E+10,0.16
6/8/2007 13:32,38.9,52.0S,175.3E,16.3975735,10.70833333,-6.316666667,-10.69166667,2.35E+11,0.65
6/7/2007 21:28,29.6,21.9N,53.1E,15.49891573,8.983333333,-6.116666667,11.05,3.10E+10,0.11
5/16/2007 16:20,33.93333333,4.5S,111.7E,15.18527704,8.908333333,-6.641666667,10.35,3.80E+10,0.13
5/16/2007 4:45,31.5,42.4S,164.0E,13.23295812,7.716666667,-6.416666667,8.625,4.00E+11,1
5/4/2007 17:52,48,22.9N,109.4E,14.94476404,-8.541666667,6.616666667,10.325,1.75E+11,0.5
4/18/2007 12:44,38,83.7S,171.2W,24.41372565,-5.3,23.7,-2.5,1.12E+11,0.33
4/16/2007 14:56,36.80833333,93.06960370386058E,60.92289306813183S,14.41507939,-6.2,-8.858333333,-9.533333333,2.40E+10,0.086
3/17/2007 6:48,32.5,7.1N,4.1E,14.51413105,-7.3,-12.4,-1.9,4.00E+10,0.13
3/15/2007 2:20,33.48333333,44.1S,148.4W,16.60576582,-11.94166667,8.033333333,8.283333333,2.50E+10,0.089
3/7/2007 15:16,34.30833333,118.22740897228427W,32.65839255650705S,18.48531887,-11.59166667,9.466666667,10.85,2.70E+10,0.095
2/2/2007 12:48,35.5,24.0N,37.2W,14.85789399,-9.266666667,-6.45,9.658333333,3.40E+11,0.89
1/26/2007 22:22,35.1,3.7N,99.7E,13.72695291,6.925,9.15,7.533333333,1.47E+11,0.43
1/22/2007 7:24,32,45.4N,53.5E,13.35440002,-3.3,-1.9,-12.8,7.60E+10,0.24
1/18/2007 13:51,34.1,5.3N,164.3W,17.4535057,-7.158333333,9.95,12.425,3.20E+10,0.11
1/17/2007 9:50,33.3,8.7S,50.8E,16.54977761,11.85833333,6.666666667,-9.425,5.48E+11,1.4
1/1/2007 11:43,53,44.4N,116.5E,15.49362324,-9.025,-4.575,-11.73333333,3.60E+10,0.12
12/9/2006 6:31,26.5,26.2N,26.0E,15.86095836,4.9,1.6,-15,7.41E+12,14
12/7/2006 11:42,39.35833333,14.0N,140.0W,18.29721252,5.575,11.925,12.70833333,2.10E+10,0.076
12/1/2006 6:09,37.3,13.0S,30.7E,15.93322437,-10.94166667,-6.516666667,9.575,6.30E+10,0.2
11/13/2006 15:16,33.65,44.0S,43.3E,15.74465077,7.2,-10.775,8.941666667,2.30E+10,0.082
10/24/2006 8:42,43,1.9S,2.7W,13.45334273,-7.408333333,-7.591666667,-8.275,2.25E+11,0.62
10/14/2006 18:10,44.4,49.4N,175.0W,23.92843497,4.9,-1,23.4,2.58E+11,0.7
10/9/2006 4:45,22.2,47.0S,78.9E,12.66696546,8.691666667,6.2,-6.816666667,4.10E+10,0.14
10/7/2006 12:18,40.7,23.0S,61.8W,13.18436311,7.291666667,-7.675,7.858333333,4.10E+10,0.14
10/2/2006 19:10,42,14.0N,53.1E,17.72595006,-9.891666667,11.55,9.108333333,9.00E+10,0.28
9/27/2006 8:33,48.1,32.0S,60.2E,14.87105223,9.075,8.183333333,-8.475,1.07E+11,0.32
9/23/2006 18:52,37.125,29.0S,108.0W,17.64328248,12.69166667,8.916666667,-8.408333333,1.21E+11,0.36
9/2/2006 17:57,32.675,86.55016954290436E,34.27711183725046S,13.4767856,8.541666667,-7.716666667,7.008333333,2.20E+10,0.079
9/2/2006 4:26,44.1,14.0S,109.1E,14.15132503,10,1.5,-9.9,1.23E+12,2.8
8/29/2006 1:38,40.7,44.0S,162.0W,14.57651269,9.966666667,6.35,-8.533333333,9.20E+10,0.28
8/18/2006 0:03,47.2,43.0S,33.4E,14.57780371,-9.108333333,8.975,-7,3.20E+10,0.11
8/17/2006 10:43,48.2,11.0S,165.7E,15.85499396,10.48333333,-6.716666667,9.816666667,2.56E+11,0.7
8/15/2006 10:52,32.7,4.9N,49.6E,12.0566775,-7.725,6.991666667,-6.066666667,4.70E+10,0.16
8/9/2006 4:30,37,23.1S,53.7E,15.19900856,-8.283333333,-6.125,-11.175,1.02E+12,2.4
7/15/2006 23:55,29.6,78.3S,5.0W,12.363252,0.1,12.2,2,8.50E+10,0.26
7/15/2006 15:22,38.9,31.1N,45.6E,30.1623938,9.2,-28.7,-1.2,1.63E+11,0.47
6/7/2006 0:06,40.7,69.2N,22.5E,19.55428342,6.1,-18,4.6,5.90E+10,0.19
5/28/2006 1:32,42,134.9538459530953E,15.345709228655004N,13.72227255,10.74166667,-5.508333333,6.525,2.60E+10,0.092
5/21/2006 7:51,34.18333333,11.6S,25.5W,18.17736306,-10.25833333,9.55,11.575,2.63E+11,0.71
5/7/2006 17:45,39.14166667,122.47225102081W,22.737966077782424N,19.99137488,8.633333333,-13.3,12.175,3.00E+10,0.1
5/6/2006 15:39,35.2,60.2S,152.3W,16.87472839,-8.558333333,8.683333333,11.66666667,1.28E+11,0.38
4/25/2006 18:46,33.88333333,13.294502328950237W,45.09597033166052N,15.93870202,10.76666667,-6.333333333,-9.9,2.00E+10,0.073
4/8/2006 13:16,33.3,17.3N,113.2W,18.03158494,-12.36666667,6.7,11.28333333,1.27E+11,0.37
4/4/2006 11:30,25,26.6N,26.6W,17.83973795,9.966666667,-9.541666667,11.30833333,2.40E+12,5
3/14/2006 3:21,35.2,7.0N,64.6W,14.53785767,-6.85,-8.658333333,-9.458333333,1.44E+11,0.42
2/26/2006 7:30,36.79166667,83.61599600752567E,8.386991110439592N,13.86214119,9.316666667,-7.016666667,7.491666667,7.00E+10,0.22
2/6/2006 1:57,35.2,54.5S,18.1E,15.41927681,-8.541666667,-7.891666667,10.125,1.19E+12,2.7
2/4/2006 8:38,38.9,36.9N,143.6W,19.79292803,-8.8,-17.4,3.4,1.00E+11,0.3
1/28/2006 3:33,37,51.7S,56.4E,18.70187156,8.4,3.2,-16.4,7.40E+11,1.8
1/27/2006 1:27,20,58.7N,74.7E,14.1081832,7.583333333,7.183333333,9.483333333,4.50E+10,0.15
1/26/2006 0:00,37,79.8S,111.0W,15.1037362,-10.09166667,7.233333333,8.6,5.30E+10,0.17
1/10/2006 23:25,32.4,29.8N,12.7W,16.92749243,-9.9,-12.2,-6.3,2.80E+10,0.098
1/8/2006 5:20,36.775,7.6N,28.2W,19.4120971,-11.33333333,10.4,-11.84166667,9.40E+10,0.29
12/29/2005 10:05,42.2,3.0S,154.9W,20.69903379,18.6,3.2,8.5,1.90E+11,0.53
12/24/2005 15:30,66,54.0S,17.3E,15.31202324,-9.383333333,-7.233333333,-9.7,1.81E+11,0.51
12/3/2005 12:45,32.2,33.8S,117.4E,17.04142013,-12.1,7.2,-9.6,8.80E+10,0.27
12/1/2005 10:40,31.14166667,6.4S,155.8W,14.73601267,-8.616666667,-10.425,-5.85,3.20E+10,0.11
11/29/2005 7:33,59.3,7.6N,58.2W,17.2830139,6.458333333,-8.95,13.3,3.20E+10,0.11
11/15/2005 5:19,32.4,26.3N,113.4W,15.27395432,6.05,-6.858333333,-12.23333333,2.50E+10,0.089
11/11/2005 20:34,29.6,21.4N,134.1W,15.16079099,9.558333333,-8.408333333,-8.233333333,4.20E+10,0.14
11/9/2005 7:33,30.7,31.0S,145.9E,13.78513692,13.5,-0.7,-2.7,7.30E+10,0.23
11/2/2005 7:04,68.5,33.9N,154.9W,16.90012738,-10.29166667,8.008333333,10.75,3.20E+10,0.11
11/2/2005 5:16,74,22.9N,123.8W,12.08790431,6.241666667,-5.491666667,-8.775,6.70E+10,0.21
10/26/2005 21:30,16.7,36.3S,80.5W,14.84094608,10.925,5.533333333,-8.383333333,1.38E+11,0.4
9/30/2005 19:04,53,2.8S,84.1W,15.06727045,-9.65,-7.158333333,9.091666667,2.20E+10,0.079
9/14/2005 1:08,33.3,11.6N,27.3E,17.53289567,10.325,7.858333333,-11.79166667,2.50E+10,0.089
9/2/2005 7:59,39.00833333,13.5N,73.1E,12.45859253,7.725,7.225,6.583333333,8.20E+10,0.25
8/20/2005 12:10,37.48333333,173.10834054441068W,5.88322817248185S,16.11473187,9.166666667,-8.858333333,-9.858333333,2.70E+10,0.095
8/9/2005 14:35,37,21.5S,56.2E,16.91567321,-16.3,1.4,4.3,2.50E+10,0.089
7/1/2005 22:36,50,49.8S,33.1E,15.53987255,-9.225,-10.14166667,7.316666667,3.10E+10,0.11
6/18/2005 19:40,40.48333333,47.9N,85.6E,13.25367349,-6.708333333,6.95,9.075,2.30E+10,0.082
6/5/2005 1:56,36.34166667,34.8N,90.9E,17.79548164,9.533333333,-7.816666667,-12.83333333,4.10E+10,0.14
6/3/2005 8:15,29.6,31.0S,90.3W,26.215072,-1.5,6.7,25.3,8.20E+10,0.25
5/27/2005 14:12,50.5,48.9S,145.1E,14.02767849,-7.941666667,-4.825,10.50833333,2.00E+10,0.073
5/14/2005 13:02,36.51666667,75.45842179757396W,6.170627423686929N,14.59351549,-10.6,-7.208333333,6.975,1.29E+11,0.38
5/7/2005 9:31,15.2,75.8S,163.7E,16.57136084,9.6,9.4,-9.7,2.60E+10,0.092
5/2/2005 20:10,38.03333333,17.7N,36.0E,14.43973588,-9.008333333,7.591666667,-8.35,4.60E+10,0.15
4/22/2005 11:18,37,20.9N,36.7W,15.19008723,7.108333333,9.183333333,-9.791666667,2.20E+10,0.079
4/19/2005 7:37,38.5,50.2S,146.4W,16.82795294,9.3,2.5,13.8,2.32E+11,0.64
4/16/2005 10:40,37.05,50.50926540865489W,29.611841615488114N,15.30762564,8.875,-7.033333333,10.3,2.00E+10,0.073
4/15/2005 6:54,39,43.8S,73.9W,16.6430395,-10.35833333,9.441666667,8.975,2.10E+10,0.076
4/14/2005 14:05,26.5,4.9N,176.0W,14.08062844,-7.675,-10.25833333,-5.841666667,7.10E+10,0.22
4/11/2005 5:20,37,34.2S,95.7W,17.22213934,-11.70833333,-9.483333333,8.341666667,1.06E+11,0.32
4/6/2005 1:30,70,42.7S,154.6E,14.42320902,-7.233333333,-7.808333333,9.733333333,2.90E+10,0.1
4/5/2005 17:48,35.6,75.18383469331482E,39.272204333948764N,13.89457828,-8.141666667,-6.875,8.916666667,3.50E+10,0.12
4/3/2005 1:45,59.2,1.0S,112.4E,11.44918119,7.508333333,5.216666667,6.891666667,2.19E+11,0.61
4/2/2005 22:52,27.2,14.1N,169.7E,14.50897471,8.341666667,-9.6,-6.983333333,2.04E+11,0.57
3/31/2005 22:15,34.88333333,42.8N,36.2W,15.1726545,-8.05,6.983333333,10.8,3.80E+10,0.13
3/18/2005 16:48,33,9.7S,34.7W,15.55732009,9.958333333,6.758333333,9.858333333,2.70E+10,0.095
3/12/2005 22:16,34.30833333,95.42004215083632W,61.46488741761762S,16.62916614,9.133333333,-9.983333333,9.666666667,2.20E+10,0.079
3/9/2005 15:47,44.4,21.4S,157.9W,15.37282279,-8.666666667,10.20833333,-7.55,5.30E+10,0.17
3/9/2005 12:49,30.7,14.3N,142.7E,14.73051679,-6.566666667,8.116666667,10.39166667,4.00E+10,0.13
3/6/2005 17:32,34.03333333,70.32013788867664W,74.42265790078955S,15.44972357,-7.533333333,8.508333333,10.46666667,5.50E+10,0.18
2/17/2005 22:52,42.5,48.0N,161.5W,13.72234846,-7.741666667,9.05,-6.816666667,1.00E+11,0.3
1/19/2005 1:43,40.7,27.5S,164.9W,16.2739567,-6.616666667,-10.83333333,10.18333333,1.41E+11,0.41
1/2/2005 23:09,35.2,21.3S,154.7E,21.50558067,20.2,6.6,-3.3,1.19E+11,0.35
1/1/2005 3:44,31.8,32.7N,12.4E,15.79249778,-6.175,8.658333333,-11.675,4.54E+11,1.2
12/29/2004 7:11,33.8,8.5S,171.8E,14.6069737,9.125,-6.133333333,9.616666667,9.00E+10,0.28
12/13/2004 11:35,33.43333333,9.7S,155.3E,14.79021354,7.708333333,6.116666667,-11.04166667,3.90E+10,0.13
12/11/2004 15:36,34.76666667,36.0N,104.1E,16.28587067,-7.741666667,11.84166667,8.066666667,3.00E+10,0.1
11/30/2004 8:32,34.60833333,61.0N,171.0W,13.32987716,-7.333333333,-7.808333333,-7.933333333,1.81E+11,0.51
11/17/2004 3:13,36.975,81.43304375830454W,75.88043019386922S,19.55025575,10.23333333,11.46666667,-12.08333333,1.86E+11,0.52
10/14/2004 11:41,36.775,111.03982879227259E,86.7121617193019S,17.803546,10.55833333,-8.433333333,11.59166667,9.30E+10,0.28
10/10/2004 11:05,40.375,6.915493954822843W,87.01162413443909N,14.93857098,8.9,5.775,10.51666667,3.00E+10,0.1
10/7/2004 13:14,35,27.3S,71.5E,19.22628409,-15.3,11.6,1,1.04E+13,18
10/4/2004 4:39,38.675,3.7N,150.9W,15.30603548,-4.866666667,9.166666667,11.25,7.10E+10,0.22
9/28/2004 8:57,37.16666667,0.2N,101.1W,14.7829129,7.916666667,-8.158333333,-9.45,6.20E+10,0.2
9/3/2004 12:07,31.5,67.7S,18.2E,14.94659242,-8.6,-10.4,-6.425,7.26E+12,13
8/22/2004 10:01,37,51.9S,22.7E,17.18977813,10.05833333,-8.7,-10.89166667,1.44E+12,3.2
7/29/2004 12:41,30.88333333,30.57613781884015W,63.904289953425064S,16.56413881,9.1,10.04166667,-9.525,2.50E+10,0.089
7/25/2004 5:29,38.01666667,42.42990090580474E,75.17523503290315N,13.41955973,-7.266666667,9.191666667,6.541666667,1.97E+11,0.55
7/22/2004 3:34,32.15,19.038908435375486E,72.50862743352671S,15.35434249,11.76666667,6.966666667,6.983333333,3.50E+10,0.12
7/16/2004 0:11,33.41666667,164.41857023492926W,75.67411931159135N,13.25422627,-7.5,-7.233333333,-8.191666667,2.90E+10,0.1
7/4/2004 16:58,29.76666667,29.07914118234305W,63.3034358772585S,15.95724104,-6.208333333,-8.641666667,-11.89166667,7.90E+10,0.25
7/3/2004 20:47,34.53333333,49.400958590540554W,86.53034896688807N,14.46640505,-9.158333333,7.241666667,-8.541666667,6.50E+10,0.21
6/12/2004 7:13,39.39166667,21.7N,175.3E,13.24439085,-5.75,7.983333333,-8.866666667,1.04E+11,0.31
6/11/2004 15:41,37.68333333,124.17380534378663E,58.133353810498605N,17.19372059,11.175,6.675,11.23333333,1.04E+11,0.31
6/5/2004 20:34,43,1.3N,174.4W,19.48358283,9.4,-1.5,17,1.81E+12,3.9
6/4/2004 13:41,43.86666667,138.36640833855904E,24.117049559313415S,15.19184037,9.816666667,-8.841666667,-7.5,3.39E+11,0.89
6/3/2004 21:59,34.34166667,137.23402858689775W,2.314407382211506S,17.5670185,-11.55833333,9.308333333,9.4,4.70E+10,0.16
6/3/2004 9:40,37.28333333,48.9N,120.4W,14.55435454,8.3,8.816666667,-8.075,5.40E+10,0.18
5/18/2004 11:12,35.2,28.1S,47.4W,13.39601413,-6.275,-7.425,-9.216666667,3.94E+11,1
5/17/2004 2:08,44,18.9S,28.3E,13.874029,-8.15,8.108333333,-7.766666667,5.50E+10,0.18
5/6/2004 2:22,34.11666667,44.68659390547654E,89.26766943316441S,17.88037021,8.791666667,10.05,-11.89166667,4.90E+10,0.16
4/23/2004 0:33,34.4,119.64836913848619E,29.36413297302151N,15.85553049,9.908333333,-8.15,-9.316666667,5.60E+10,0.18
4/22/2004 21:19,35.90833333,15.2S,55.1E,15.51358276,-7.966666667,-8.908333333,9.891666667,1.39E+11,0.41
4/22/2004 4:21,29.6,44.3S,83.3E,16.27574883,8.5,-6.8,-12.1,6.24E+11,1.5
4/6/2004 3:24,35,12.0S,162.8E,25.63006048,10.5,-2.9,-23.2,4.33E+11,1.1
3/26/2004 16:35,46,7.6S,155.1E,16.48961795,-9.983333333,-7.983333333,-10.41666667,2.40E+10,0.086
3/25/2004 9:39,35.65833333,4.8S,21.0E,15.11886698,-10.30833333,-5.491666667,-9.6,2.10E+10,0.076
2/27/2004 1:18,37.875,35.515709344598875W,48.707931545459275N,15.50452667,-6.816666667,-9.7,9.991666667,6.00E+10,0.19
2/2/2004 18:52,30.80833333,18.3S,52.3E,15.75379363,-10.71666667,8.575,7.733333333,3.00E+10,0.1
1/22/2004 1:06,37,50.6S,157.8E,16.68792394,-11.575,-9.958333333,-6.733333333,2.32E+11,0.64
1/17/2004 20:11,35.98333333,172.63234249951574E,19.939766729566607N,11.23884014,7.591666667,5.325,6.35,2.80E+10,0.098
1/16/2004 11:17,36.95833333,155.2569967041699E,32.82965503739164N,11.77025736,6.966666667,6.466666667,6.941666667,9.80E+10,0.3
1/2/2004 4:27,63,28.2S,3.2E,15.06287286,9.358333333,-9.933333333,-6.375,1.34E+11,0.39
12/9/2003 22:36,40.98333333,67.1S,90.8W,16.24369322,-7.45,-9.975,-10.43333333,6.43E+11,1.6
11/26/2003 2:00,32,22.9S,22.7E,15.35525154,-9.441666667,8.616666667,8.508333333,3.50E+10,0.12
11/10/2003 13:54,23,64.5S,136.2E,20.07211997,14.8,10.4,-8.7,5.18E+11,1.3
11/1/2003 14:09,35.60833333,51.4S,151.7E,15.37430441,8.8,-9.75,7.991666667,7.30E+10,0.23
10/16/2003 0:47,44.66666667,97.7526599178108W,75.36805440595279S,14.19024753,7.733333333,8.508333333,-8.316666667,2.85E+11,0.77
10/13/2003 14:06,37.45833333,54.888796133862925E,5.099284383352978S,16.85724374,7.766666667,-11.66666667,9.366666667,3.00E+10,0.1
10/7/2003 0:23,36.05,138.11292891876536E,49.8971869536233N,14.75862742,8.316666667,10.09166667,-6.841666667,3.70E+10,0.13
9/27/2003 12:59,26,21.0N,86.6E,18.15075756,-1,-17.3,-5.4,2.15E+12,4.6
9/22/2003 3:45,34.275,17.86131784766561E,53.68302804866362S,19.09538375,-11.83333333,-9.25,11.79166667,3.30E+10,0.11
9/21/2003 7:40,34.18333333,27.921905474054757W,79.55849759643664N,16.08968139,9.3,11.26666667,6.741666667,2.00E+10,0.073
9/20/2003 19:04,37.76666667,68.07445349273932E,43.87511934385388N,16.17084353,-10.25,9.341666667,8.316666667,3.00E+10,0.1
9/2/2003 20:00,41.6,51.3N,161.0W,15.92959771,7.041666667,-11.19166667,-8.883333333,3.85E+11,1
8/26/2003 22:08,41.20833333,156.94181658973642W,46.472503276841145N,16.37864887,9.658333333,-7.233333333,11.075,7.20E+10,0.23
8/26/2003 8:44,33.30833333,102.1369876804245W,66.86469694885902N,15.71797229,-8.875,-8.825,-9.508333333,2.49E+11,0.68
8/17/2003 13:16,39.1,39.0S,34.0E,12.78512047,-6.391666667,-8.191666667,7.45,6.47E+11,1.6
8/1/2003 4:09,38.125,149.52381625528145E,7.26017067506679N,16.60022799,8.766666667,-7.75,11.775,2.10E+10,0.076
7/21/2003 5:11,35.76666667,131.35074046211264E,61.42369965917633N,14.18893103,6.608333333,-8.408333333,-9.325,5.80E+10,0.19
6/22/2003 22:53,37.50833333,25.985419833992182W,44.00528562792409N,15.36389391,8.15,7.166666667,-10.875,2.10E+10,0.076
6/21/2003 14:49,35.63333333,62.577643455433396E,31.526143862963142N,15.31248583,11.26666667,-6.833333333,-7.8,3.80E+10,0.13
6/16/2003 17:17,34.10833333,70.22046725218586E,52.56232629761949S,14.98540957,-8.983333333,9.333333333,-7.533333333,6.50E+10,0.21
6/10/2003 14:11,36.725,41.8S,122.9E,13.9032645,8.708333333,6.291666667,-8.825,3.20E+10,0.11
5/27/2003 23:32,36.00833333,5.2N,166.2E,15.07122442,-8.958333333,-9.075,-8.033333333,6.80E+10,0.22
5/19/2003 3:38,38.55,129.18130846500208W,50.411195978724514N,16.96075536,7.516666667,12.06666667,-9.25,5.21E+11,1.3
5/18/2003 7:51,35.81666667,3.163607524801284W,12.551354037214725S,19.56658326,-12.225,-8.516666667,-12.68333333,2.10E+10,0.076
5/15/2003 6:28,33.95833333,54.0N,80.4W,14.99677049,8.666666667,-8.616666667,-8.691666667,4.30E+10,0.14
4/28/2003 13:06,34.54166667,42.63303063606676W,10.30075316991072N,15.21282582,-8.483333333,-8.025,9.75,2.30E+10,0.082
4/13/2003 17:58,17,14.8N,64.5E,18.4821404,9.058333333,-11.81666667,-10.95,1.75E+11,0.5
4/7/2003 9:25,37.55,18.4S,162.6E,15.46316861,-6.508333333,-8.366666667,11.25833333,2.20E+10,0.079
4/1/2003 4:40,42.94166667,45.53526713978566W,11.773373952296447S,14.23266489,7.375,-5.85,-10.675,3.10E+10,0.11
3/27/2003 5:50,45,41.4N,87.7W,13.94286207,-9.975,-7.15,6.616666667,1.42E+11,0.41
2/25/2003 23:13,43.075,40.0N,116.0E,16.17045703,8.591666667,-10.4,8.916666667,3.30E+10,0.11
2/12/2003 23:45,41.20833333,51.134922795281184E,6.426941248780839N,17.92167566,7.166666667,7.091666667,-14.81666667,7.90E+10,0.25
2/12/2003 2:37,35.10833333,31.5S,107.5E,14.73835699,9.966666667,7.483333333,7.866666667,1.20E+11,0.36
2/6/2003 17:00,33.8,62.9S,113.9W,16.62422095,-8.7,-8.083333333,11.63333333,1.97E+11,0.55
2/5/2003 6:16,37.075,101.64569793661381E,85.74708972959424N,16.38003103,-8.408333333,-9.716666667,10.15833333,1.03E+11,0.31
2/4/2003 14:07,38.96666667,59.9S,41.0E,16.38976857,7.558333333,-10.25,10.31666667,1.35E+11,0.4
1/30/2003 6:02,34.21666667,6.2004706710038215W,62.04709603641126S,15.99665547,-9.558333333,-7.875,-10.125,1.07E+11,0.32
11/28/2002 15:41,35.075,173.89588006479997W,32.47430006324135N,11.94486466,5.691666667,-7.316666667,7.533333333,4.60E+10,0.15
11/21/2002 0:11,31.81666667,1.4S,154.0W,14.34929586,-6.916666667,8.441666667,9.316666667,2.40E+11,0.66
11/12/2002 21:49,37.94166667,21.1S,6.8W,12.60424311,6.083333333,8.1,7.5,4.30E+10,0.14
11/10/2002 22:13,39.00833333,16.0N,166.0W,16.77240831,-9.733333333,-10.14166667,-9.15,4.60E+11,1.2
10/9/2002 12:00,36.44166667,4.3S,175.9W,15.61340459,9.2,-7.558333333,10.1,4.90E+10,0.16
10/4/2002 10:08,40.98333333,131.27812911655232E,10.122659018420189N,15.67632016,-8.941666667,10.85,6.933333333,1.17E+11,0.35
9/24/2002 16:48,31.79166667,57.9N,112.9E,13.01533284,5.766666667,8.766666667,7.7,8.60E+11,2
8/14/2002 7:48,32.15,6.9S,126.2W,17.8735722,11.54166667,8.991666667,10.26666667,9.00E+10,0.28
8/11/2002 20:42,35.16666667,18.2S,159.4E,12.5238162,-7.291666667,8.616666667,5.425,1.51E+12,3.3
8/10/2002 18:01,36.03333333,19.719255594395836W,85.53901435214979S,14.35351535,-7.4,9.766666667,-7.475,2.50E+10,0.089
7/25/2002 15:57,33.075,28.7S,47.0E,17.04035651,-7.808333333,-9.316666667,11.94166667,2.30E+11,0.63
7/22/2002 11:16,34.68333333,34.0N,106.1E,15.7840329,9.233333333,-9.725,8.325,5.30E+10,0.17
6/29/2002 16:31,39.675,37.63840636940404E,57.76046294041592S,15.80796652,-10.06666667,-9.025,-8.191666667,1.59E+11,0.46
6/15/2002 11:51,30.15833333,118.84184216779407W,89.32695029229123N,12.39168068,6.841666667,7.983333333,-6.558333333,2.90E+10,0.1
6/13/2002 15:29,37.31666667,24.9S,111.4E,15.15107715,8.791666667,-8.441666667,9,1.91E+11,0.54
6/2/2002 4:28,36.85833333,34.0N,21.0E,14.21594615,-7.533333333,6.758333333,-9.983333333,4.50E+12,8.8
4/3/2002 19:10,37.125,5.3S,27.1E,13.1126847,9.45,-5.8,7,1.82E+11,0.51
4/2/2002 2:36,35.3,7.7229780700181045E,60.43540030088554N,13.58783668,-7.641666667,9.483333333,6.025,3.20E+10,0.11
3/28/2002 21:29,37.19166667,87.96394125254783E,43.33632283446694S,13.98306019,10.00833333,-7.85,5.808333333,2.70E+10,0.095
3/19/2002 5:56,39.75833333,14.55261254825321E,60.36284359300393S,15.20962095,8.766666667,8.925,-8.65,8.30E+10,0.26
3/19/2002 2:56,38.18333333,115.84720063544226E,51.652441824143N,13.0811065,7.783333333,-6.975,7.866666667,5.30E+10,0.17
3/18/2002 14:44,30.00833333,60.4S,120.5W,11.73749334,6.816666667,-8.658333333,4.041666667,2.00E+10,0.073
3/9/2002 1:20,39.89166667,6.9N,147.3W,14.09743377,-8.508333333,5.75,-9.658333333,2.49E+11,0.68
3/3/2002 21:10,32.975,37.5N,154.0E,15.76095959,9.466666667,7.2,10.34166667,8.20E+10,0.25
3/1/2002 3:53,34.61666667,29.2N,66.8W,14.72300496,6.841666667,-11.15833333,6.741666667,3.80E+10,0.13
2/9/2002 19:50,31.35,17.7S,138.7E,16.86926446,10.55833333,6.916666667,11.19166667,7.00E+10,0.22
2/1/2002 19:07,40.125,60.7N,116.6E,15.61444532,8.025,7.9,-10.81666667,7.00E+10,0.22
1/20/2002 16:42,43.80833333,48.4N,165.0W,15.40398127,-8.058333333,10.075,8.416666667,1.04E+11,0.31
1/3/2002 12:19,33.425,165.77369399775336W,16.433786210161227S,17.51052461,11.5,-6.041666667,-11.74166667,1.23E+11,0.36
12/14/2001 17:58,39.625,40.72095011228327E,23.993287675271603N,13.04852322,6.816666667,-6.883333333,-8.741666667,1.51E+11,0.44
12/12/2001 16:56,37.775,152.8089795861867W,27.618259796055654N,15.50486707,8.9,-8.625,9.316666667,9.80E+10,0.3
11/26/2001 6:51,31.69166667,27.99327211567437E,51.53583248433983S,17.08663789,10.175,-6.65,12.00833333,1.92E+11,0.54
11/13/2001 10:58,40.05,168.32948907117677E,15.111018111844748S,15.00775263,9.25,4.891666667,10.75833333,3.12E+11,0.83
11/11/2001 12:14,37.69166667,23.372554977620617W,39.3848867630181N,19.14383604,13.26666667,-8.041666667,-11.21666667,1.30E+11,0.38
10/27/2001 19:20,40.125,52.7N,3.8E,18.72775347,12.74166667,6.691666667,11.98333333,3.60E+10,0.12
10/14/2001 12:03,38.63333333,115.62856559363394W,80.1937232813342N,12.32097072,-7.508333333,7.225,6.575,8.90E+10,0.27
10/12/2001 3:11,36.75,123.19926854916739E,76.92553039756618S,13.56037426,-9.016666667,-6.091666667,8.091666667,6.20E+10,0.2
10/6/2001 6:29,31.20833333,158.59165592587757E,47.59279551950611S,12.05586533,7.616666667,-5.75,7.366666667,1.58E+11,0.45
9/25/2001 11:54,34.9,30.524282847833042E,83.3690712638543S,15.1157134,9.658333333,5.233333333,10.38333333,4.20E+10,0.14
8/26/2001 16:08,39.55,15.654213221920994W,5.484656882552228S,14.49756206,8.083333333,-8.675,-8.341666667,3.80E+10,0.13
8/18/2001 13:57,34.925,31.48853844138321E,61.506517280422074N,13.38592233,-5.958333333,-7.166666667,9.608333333,4.00E+10,0.13
7/26/2001 21:20,34.3,0.4N,84.8E,15.2699346,-8.45,-7.066666667,10.575,3.26E+11,0.86
7/23/2001 22:19,37.21666667,41.0N,77.0W,18.60314527,-10.39166667,-9.316666667,-12.3,1.24E+12,2.8
5/6/2001 4:30,40.58333333,86.29396978203204W,41.42498111270285N,16.09041079,-7.725,-4.358333333,13.425,5.00E+10,0.16
4/27/2001 9:46,37.83333333,159.2849298852657E,71.90380073302123S,15.58296791,-7.3,8.366666667,10.93333333,1.30E+11,0.38
4/23/2001 6:12,29,28.0N,133.6W,15.62385996,-11.21666667,4.466666667,9.916666667,4.60E+12,9
4/14/2001 6:40,36.85,24.839374705359457E,38.046270277843995N,13.19845582,9.45,4.391666667,8.1,2.40E+10,0.086
4/13/2001 0:29,39.40833333,15.3S,162.4E,18.96468026,-9.008333333,-10.475,12.99166667,2.51E+11,0.68
2/9/2001 21:27,38.95,85.84875209314588E,70.64499723070342N,13.04503151,-9.166666667,7.566666667,-5.375,1.08E+11,0.32
2/4/2001 5:53,35.59166667,64.0S,97.3E,17.75801267,11.60833333,6.4,-11.81666667,1.51E+11,0.44
1/28/2001 16:19,39.09166667,66.0N,31.3E,12.47759659,7.508333333,4.708333333,-8.783333333,1.08E+11,0.32
12/15/2000 13:22,37.075,41.3N,95.2E,16.6025454,-8.575,6.983333333,12.38333333,2.62E+11,0.71
12/15/2000 3:46,34.475,50.4N,58.9E,13.67677218,8.075,9.058333333,-6.308333333,2.70E+10,0.095
11/28/2000 12:20,39.04166667,114.13470433729276W,81.92972776024008N,13.29044665,-7.091666667,-6.575,9.116666667,1.19E+11,0.35
11/13/2000 0:28,30.85833333,13.6S,5.8W,16.80523232,-10.23333333,-9.983333333,-8.833333333,6.60E+10,0.21
11/6/2000 7:18,36.63333333,52.0S,22.2W,15.8166974,9.391666667,6.941666667,-10.66666667,6.90E+10,0.22
10/11/2000 23:29,34.66666667,31.7S,5.5W,15.1934242,-10.29166667,-6.975,8.733333333,8.10E+10,0.25
9/24/2000 6:57,32.01666667,157.23016991361752W,35.21669709466694N,16.04359945,-7.208333333,9.016666667,11.14166667,2.70E+10,0.095
9/23/2000 4:00,37.33333333,58.5S,142.6E,13.41155182,-6.883333333,-6.983333333,-9.15,2.20E+10,0.079
9/19/2000 22:12,32.44166667,3.2S,133.8W,16.05203994,-8.125,6.975,-11.95833333,8.90E+10,0.27
8/25/2000 1:12,37.01666667,14.5N,106.1W,14.57024651,-8.283333333,-8.358333333,-8.591666667,1.39E+12,3.1
8/13/2000 3:00,33.81666667,36.7N,127.8W,15.73322961,11.25833333,8.033333333,-7.5,6.50E+10,0.21
8/1/2000 16:48,31.31666667,50.2S,101.9W,15.81033857,-7.441666667,11.26666667,-8.225,1.82E+11,0.51
7/31/2000 7:06,33.85,15.7N,138.5W,15.4135605,-7.525,-11.46666667,7.033333333,3.80E+10,0.13
7/19/2000 17:40,33.93333333,17.7S,94.1E,17.29143976,-12,9.716666667,-7.783333333,1.07E+11,0.32
7/9/2000 1:08,34.86666667,2.6267128272744844E,6.916180894851193S,15.54699417,-9.9,-7.675,-9.208333333,1.21E+11,0.36
7/7/2000 1:34,37.43333333,15.0N,140.7E,14.85493044,12.14166667,3.666666667,-7.733333333,6.50E+10,0.21
6/27/2000 10:06,37.65833333,34.9N,36.8E,16.18299433,-6.616666667,-9.358333333,11.425,2.70E+10,0.095
6/23/2000 9:03,36.575,69.2N,44.0W,16.18042585,-8.475,8.283333333,-11.01666667,2.00E+10,0.073
6/22/2000 20:02,35.44166667,32.9N,159.0E,19.76449714,-13.78333333,-7.566666667,-11.975,3.00E+10,0.1
6/18/2000 13:40,30.8,15.565784659822828W,4.400021833203044S,17.00660411,8.558333333,9.866666667,10.89166667,1.33E+11,0.39
6/14/2000 16:39,48,28.1N,107.3E,17.54332138,-10.53333333,-8.883333333,10.85833333,1.45E+11,0.42
6/4/2000 3:17,34.375,16.30615398306549E,4.680993867535545N,17.2267073,11.01666667,11.05,7.3,1.90E+11,0.53
6/3/2000 3:24,39.15833333,36.8N,74.8W,11.56049607,-7.4,-6.158333333,-6.4,3.00E+10,0.1
6/2/2000 18:44,35.58333333,27.5S,18.9W,16.79629796,10.6,-10.125,8.2,3.00E+10,0.1
5/29/2000 16:46,41.40833333,142.3898465601268W,6.350963002298178N,16.39786783,-6.125,-9.8,-11.63333333,6.00E+10,0.19
5/6/2000 11:51,38.4,49.9N,18.4E,13.6365751,5.6,8.508333333,-9.066666667,2.80E+10,0.098
5/3/2000 10:40,39.34166667,5.0S,73.0E,14.37445651,-6.916666667,7.016666667,10.46666667,5.90E+10,0.19
4/21/2000 13:42,40.64166667,31.967607345713272W,45.39488547027626N,15.75180986,9.275,-9.216666667,8.783333333,8.60E+10,0.27
4/4/2000 13:38,40.60833333,27.84017339381176W,53.90668503308745S,16.53256257,13.51666667,5.841666667,7.516666667,2.30E+10,0.082
3/28/2000 15:27,35.80833333,1.0N,98.3E,14.80057478,6.883333333,8.808333333,-9.7,6.30E+10,0.2
3/19/2000 5:11,32.75833333,138.522122427182W,49.42017139203902S,15.91525735,-10.95833333,9.983333333,-5.791666667,4.90E+10,0.16
3/6/2000 8:29,38.79166667,58.0N,175.0E,16.82628772,-11.38333333,8.083333333,9.391666667,9.60E+11,2.2
2/18/2000 9:25,36.54166667,0.9S,109.2E,14.60487694,9.241666667,6.541666667,9.225,3.62E+12,7.3
2/17/2000 14:22,37.93333333,14.2N,115.9E,17.0184622,10.1,8.933333333,10.38333333,2.20E+10,0.079
1/18/2000 16:43,33.925,60.3N,134.6W,17.52710995,11.35833333,-10.93333333,-7.658333333,1.05E+12,2.4
1/18/2000 8:33,33.99166667,24.3N,94.9W,14.49791412,-7.383333333,-9.725,-7.816666667,3.50E+10,0.12
12/16/1999 0:07,41.23333333,26.5S,11.3W,15.20133401,-10.15,-5.883333333,9.666666667,6.70E+10,0.21
12/11/1999 17:31,38.74166667,117.1594611478807E,20.70952517430551S,12.25694248,7.275,-5.458333333,8.216666667,2.73E+11,0.74
12/10/1999 18:56,34.675,76.39907376011908E,47.644823106080416S,15.5720369,-9.433333333,9.183333333,-8.316666667,2.80E+10,0.098
12/3/1999 17:24,37.16666667,36.168630133261786E,26.261395104024697S,17.81097118,-8.925,-13.2,-7.958333333,4.20E+10,0.14
12/1/1999 19:38,29.675,140.4456440165018E,6.099612269002855N,14.02035722,11.69166667,5.558333333,-5.383333333,2.30E+10,0.082
11/30/1999 2:18,39.68333333,94.1750640264612W,11.81323478366765N,16.51167306,8.483333333,-7.9,11.75833333,4.50E+10,0.15
11/15/1999 20:01,32.28333333,8.1S,75.4E,12.86465064,8,-4.875,8.816666667,7.40E+10,0.23
11/7/1999 17:53,34.14166667,2.3S,77.4W,14.11965976,7.991666667,7.216666667,-9.133333333,8.90E+10,0.27
10/26/1999 17:19,40.1,13.7N,70.8W,12.11361436,6.208333333,-7.075,-7.625,8.60E+10,0.27
9/8/1999 23:55,37.75833333,22.4N,0.2E,12.41993525,7.266666667,6.983333333,7.258333333,2.80E+10,0.098
9/8/1999 14:41,32,32.5N,104.6E,13.08842258,6.891666667,-6.6,-8.958333333,9.00E+10,0.28
8/16/1999 5:18,36.94166667,35.0N,107.2W,15.97709515,8.166666667,9.025,10.35,3.60E+10,0.12
8/6/1999 3:22,31.375,54.04557786127326E,60.45234170579778N,17.46401061,-10.68333333,8.466666667,10.91666667,6.80E+10,0.22
8/3/1999 18:25,35.24166667,64.7S,18.8W,19.52419617,-12.49166667,6.55,13.5,3.56E+11,0.93
7/10/1999 8:11,52,37.8S,39.6E,13.75442858,-4.758333333,9.725,-8.483333333,3.26E+11,0.86
7/7/1999 4:14,37.00833333,39.5S,174.4E,17.10104163,8,-10.7,10.675,1.40E+11,0.41
6/25/1999 6:27,69,50.0N,121.0E,16.52594971,10.34166667,-9.45,8.766666667,1.24E+11,0.37
5/23/1999 7:02,41.275,16.4S,116.3W,17.92807001,13.26666667,7.825,9.175,2.60E+10,0.092
4/26/1999 11:33,31.59166667,22.5S,6.5E,14.00711625,7.225,9.716666667,7.041666667,9.20E+10,0.28
4/26/1999 9:49,43.05833333,32.8S,159.1E,14.46976013,8.516666667,-6.883333333,9.458333333,3.30E+10,0.11
3/31/1999 23:54,33.15,17.9S,22.6E,15.85267459,-9.991666667,8.916666667,8.483333333,2.34E+11,0.64
3/28/1999 15:37,39.30833333,0.8N,97.6E,16.16588916,-9.408333333,9.95,8.591666667,3.04E+11,0.81
3/2/1999 22:23,33.40833333,18.9N,50.5E,16.40874809,11.325,-8.116666667,-8.666666667,5.90E+10,0.19
2/18/1999 23:15,37.03333333,54.9S,64.6W,17.1923372,-10.56666667,8.841666667,10.28333333,1.54E+11,0.44
2/1/1999 14:24,37.525,80.0N,154.2E,16.60299086,9.15,-6.641666667,-12.15833333,2.80E+10,0.098
1/19/1999 2:32,32.36666667,7.9N,85.8E,15.09614787,-7.433333333,-6.325,11.51666667,2.40E+10,0.086
1/14/1999 8:06,32,44.0S,129.7W,17.61113324,9.316666667,-6.8,-13.30833333,5.06E+12,9.8
1/12/1999 19:24,37.04166667,51.85152983075719W,5.745948609290306N,17.07739328,9.075,10.15833333,10.3,4.30E+10,0.14
1/11/1999 5:18,37.98333333,169.50863794359566W,58.89039544552804S,14.51585819,9.541666667,-8.666666667,-6.675,2.40E+10,0.086
1/2/1999 18:25,65,47.0N,103.0E,19.49882653,-14.43333333,-7.95,10.425,3.50E+10,0.12
12/22/1998 9:24,37.66666667,33.4324375821913W,78.55885865782318N,14.00151034,8.441666667,-5.683333333,9.616666667,2.70E+10,0.095
11/23/1998 20:20,33.80833333,82.3N,160.1E,14.74142171,-10.26666667,-7.6,-7.358333333,2.50E+10,0.089
11/11/1998 16:46,41.6,6.5N,156.4E,15.37697593,-8.933333333,7.95,-9.666666667,6.56E+11,1.6
10/3/1998 12:58,36.275,127.40759472115582W,40.6848591866212N,13.45740709,7.408333333,-9.091666667,6.6,3.20E+10,0.11
9/4/1998 9:16,39.975,62.018044193856554E,76.90967291750839N,17.11220528,-7.491666667,5.8,-14.25,1.28E+11,0.38
9/1/1998 11:15,35.05,34.6N,23.6E,12.29808307,9.991666667,4.883333333,-5.25,2.40E+10,0.086
8/30/1998 0:20,35.38333333,16.97409389042153E,75.47130269209315S,14.57948044,-7.458333333,8.008333333,9.633333333,4.10E+10,0.14
8/8/1998 12:55,32.6,27.26612172593756E,84.90934448686605S,14.973189,-10.31666667,-8.416666667,6.85,2.30E+10,0.082
7/28/1998 14:16,39.39166667,100.9106659345837E,60.99250129276783S,12.26220764,-8.075,-6.183333333,6.85,6.30E+10,0.2
3/24/1998 9:08,39.775,69.58272975384791E,87.59938598602068N,12.40274667,-6.991666667,-7.416666667,7.066666667,2.70E+10,0.095
3/22/1998 22:25,33.2,1.4N,26.6E,16.45364912,12.60833333,-7.45,7.5,1.40E+11,0.41
1/8/1998 16:10,36.74166667,80.6770282992692W,55.03175413219093N,14.50335689,8.325,-6.708333333,-9.8,6.20E+10,0.2
1/4/1998 23:00,30,35.1S,33.4E,17.09853795,6,12,-10.6,7.40E+10,0.23
12/28/1997 3:58,34.59166667,23.1S,152.4E,17.13640131,10.775,-7.7,-10.875,3.10E+10,0.11
12/9/1997 8:15,40.725,62.7N,49.9W,16.15644651,-7.208333333,-7.641666667,12.275,2.70E+11,0.73
11/7/1997 7:46,38.34166667,57.3S,167.2E,13.4761595,8.291666667,6.941666667,-8.041666667,8.00E+11,1.9
10/9/1997 18:47,37,31.8N,106.0W,15.150479,9.116666667,-7.741666667,9.3,1.90E+11,0.53
10/1/1997 14:26,41.14166667,46.7N,108.9E,12.32268966,7.508333333,-6.4,-7.383333333,6.20E+10,0.2
9/30/1997 12:31,34.96666667,38.1S,63.9E,15.0628452,8.658333333,9.15,-8.258333333,2.30E+10,0.082
9/5/1997 11:41,34.18333333,31.1S,56.4E,19.7808725,12.19166667,-12.03333333,9.891666667,1.90E+11,0.53
8/20/1997 17:16,37.25,78.23694497266258W,6.923098283146741N,12.87133173,-7.45,6.891666667,-7.916666667,2.60E+10,0.092
8/15/1997 1:05,37.14166667,9.54748164378425W,62.71520139904924N,13.94135037,8.708333333,6.466666667,8.758333333,2.20E+10,0.079
7/30/1997 3:01,37.25,36.346822499937076E,89.58588064372093N,14.83504204,-8.541666667,-6.241666667,-10.4,5.00E+10,0.16
7/4/1997 12:22,37.75833333,15.8S,175.8W,16.61784098,10.30833333,-8.083333333,10.225,2.70E+10,0.095
5/22/1997 8:30,38.825,79.24624211110985E,59.33965651774477N,13.47647642,-10.20833333,6.283333333,-6.158333333,4.50E+10,0.15
4/27/1997 22:34,32.63333333,16.7N,87.5E,16.17931421,12.25833333,-6.208333333,-8.541666667,3.25E+11,0.86
2/19/1997 4:31,35.43333333,16.3S,87.7W,16.7368045,-8.333333333,-11.49166667,-8.866666667,1.40E+11,0.41
2/15/1997 15:23,35.3,35.5N,115.6E,15.2681313,-9.916666667,6.766666667,-9.433333333,1.50E+11,0.43
2/6/1997 18:28,37.93333333,128.56557969351658W,85.9400548119388N,13.22992714,-7.716666667,8.341666667,6.775,2.60E+10,0.092
1/28/1997 17:49,33.23333333,110.37505843698703E,45.736486728604824N,17.95327848,-12.35833333,-9.158333333,-9.258333333,2.40E+10,0.086
1/23/1997 10:03,34.15,15.0S,94.2E,18.64995718,12.95,7.933333333,10.825,2.70E+11,0.73
1/22/1997 21:13,34.9,32.2N,29.0E,12.98387354,-7.258333333,6.225,-8.783333333,4.80E+11,1.2
1/4/1997 6:46,36.73333333,25.7N,5.3W,18.37999743,8.75,-12.40833333,-10.35833333,4.30E+10,0.14
1/3/1997 15:08,39.875,43.690999857615516W,30.676100806759905S,16.39053546,-11.825,-6.541666667,9.275,3.50E+11,0.92
12/17/1996 4:16,35.625,34.1N,37.2W,17.64179263,-12.95,9.716666667,-7.008333333,4.10E+10,0.14
12/10/1996 6:09,34.98333333,78.42718334892022W,11.441756258802194S,13.76468156,-8.516666667,6.433333333,-8.691666667,2.50E+11,0.68
12/4/1996 17:00,35.80833333,148.53805484814342W,27.89946400118773N,15.27638428,9.841666667,4.841666667,10.63333333,4.90E+10,0.16
12/1/1996 13:19,36.53333333,0.8631803244986114W,88.57059238390323N,17.1262388,9.4,11.61666667,8.366666667,6.20E+10,0.2
11/22/1996 10:06,34.40833333,135.2025893399314W,20.083872595613467S,18.06033291,11.06666667,11.65833333,8.233333333,6.80E+10,0.22
11/8/1996 16:02,35.03333333,162.58303913233004W,35.4749755453154S,18.6672712,9.391666667,12.41666667,-10.3,6.10E+10,0.2
10/30/1996 12:48,38.60833333,2.1S,123.1W,15.6062532,5.358333333,-7.141666667,12.8,2.10E+10,0.076
10/28/1996 4:46,39.16666667,27.4N,79.4W,16.88130541,9.225,12.53333333,-6.541666667,4.30E+10,0.14
10/23/1996 8:28,34.55833333,47.3S,20.6E,18.57317361,-10.51666667,10.8,-10.85,4.40E+10,0.15
10/19/1996 19:01,36.06666667,29.7N,34.7W,19.29909864,-11.70833333,9.158333333,-12.30833333,1.30E+11,0.38
10/7/1996 17:43,43.90833333,44.69190052334271W,23.58695853158104S,14.45734146,8.733333333,-7.85,8.433333333,4.50E+10,0.15
10/5/1996 19:21,37.56666667,49.6S,145.9E,15.77192037,-8,-8.641666667,10.49166667,2.50E+11,0.68
8/17/1996 15:46,35.425,0.13231441935585675E,56.64439676423534S,17.62436957,-10.96666667,6.1,12.375,3.40E+10,0.12
8/15/1996 16:07,33.85,96.83706546916743W,46.276161132909515S,14.94550518,9.45,7.525,-8.8,8.40E+10,0.26
8/9/1996 18:14,39.75,44.72040753171032E,88.84756355638541N,14.94548891,-6.825,6.483333333,11.60833333,3.00E+10,0.1
8/7/1996 3:16,36.33333333,81.61730339552162W,58.68176589853576S,13.93427529,-6.733333333,-8.775,-8.475,1.50E+11,0.43
8/6/1996 4:50,37.775,156.0553409827057W,5.350690323923162N,13.70353259,-6.758333333,-8.5,8.358333333,1.30E+11,0.38
8/5/1996 19:27,35.86666667,149.57735746384583E,6.607817552997989N,16.94952884,9.175,-8.716666667,-11.275,2.20E+11,0.61
8/5/1996 15:19,35.01666667,131.90865255227354W,65.4678236496235N,12.37309469,-7.6,-6.241666667,-7.508333333,8.00E+10,0.25
7/17/1996 3:16,41.025,31.8N,111.4E,15.4746208,-9.083333333,4.65,11.63333333,5.00E+10,0.16
7/12/1996 14:04,31.53333333,20.7N,93.6W,17.09461213,11.84166667,-8.575,-8.858333333,3.20E+10,0.11
6/25/1996 11:22,37.69166667,29.50821839891288W,5.6344465338704985S,15.93308272,10.975,5.95,-9.9,2.10E+10,0.076
5/8/1996 1:02,37.56666667,109.02067299218977E,22.8917698967327S,16.98502813,-8.9,6.208333333,13.06666667,2.80E+10,0.098
5/1/1996 13:19,39.10833333,146.99854027200456W,29.856660322090637N,12.71281615,7.941666667,6.7,-7.325,3.50E+10,0.12
3/31/1996 0:53,37.09166667,39.521903024724274W,81.03678333045623N,16.25269422,-10.45,11.55,4.641666667,2.70E+10,0.095
3/30/1996 4:03,37.25833333,31.1S,84.3W,17.49558278,-10.49166667,-10.18333333,9.608333333,1.20E+11,0.36
3/29/1996 20:30,40.075,21.5N,158.1W,15.58126992,8.558333333,9.425,8.983333333,1.28E+11,0.38
3/25/1996 17:00,37.08333333,164.56739474433638E,47.281270776913196S,14.57505956,7.908333333,-10.9,-5.575,4.40E+10,0.15
3/13/1996 8:31,39.70833333,75.76586736908381W,31.514541785236375N,12.66170133,4.233333333,-9.158333333,7.65,2.30E+11,0.63
2/16/1996 7:03,38.625,177.32222860604617E,62.543158840736155N,13.95627348,-9.2,-7.425,7.416666667,5.50E+10,0.18
2/15/1996 2:38,40.075,76.0N,127.0W,15.49452636,9.4,8.391666667,9.016666667,5.00E+10,0.16
1/18/1996 17:10,37.08333333,59.15513346983911W,72.0210680559614N,16.01641736,10.35,5.225,-11.05,1.20E+11,0.36
1/15/1996 13:44,35.11666667,59.8S,175.8E,13.91822596,8.25,-6.208333333,-9.333333333,2.60E+11,0.71
12/27/1995 12:55,34.39166667,56.81070935977209E,3.885082205242175N,13.2739014,-9.466666667,-6.516666667,-6.641666667,2.20E+10,0.079
12/22/1995 13:26,37.09166667,70.2S,73.3W,14.11424369,9.391666667,-7.408333333,7.491666667,4.50E+11,1.1
12/9/1995 19:54,39.475,2.9S,79.0W,12.96684072,8.033333333,6.366666667,-7.941666667,1.20E+11,0.36
11/25/1995 5:29,37.51666667,72.60007587616482E,3.2527418409449247N,15.2909741,6.916666667,-6.95,-11.73333333,2.90E+10,0.1
11/13/1995 3:10,35.575,25.284535986938327E,84.35346724758226N,13.08549345,-6.233333333,7.941666667,8.325,2.10E+10,0.076
10/1/1995 2:42,30.96666667,92.09513036470423E,74.84056728591847S,14.35148318,9.516666667,8.275,6.85,3.50E+10,0.12
9/9/1995 7:38,35.36666667,57.383560809086276E,81.56427111186191S,14.17525475,-9.166666667,6.725,-8.466666667,5.00E+11,1.3
8/24/1995 21:54,41.43333333,101.214016985106E,51.356337818672316S,15.52147929,8.708333333,-7.075,-10.725,1.20E+11,0.36
8/17/1995 16:39,30.69166667,60.65083818973477W,13.864222322666954S,17.28579619,7.991666667,10.95833333,-10.71666667,1.60E+11,0.46
8/6/1995 4:38,35.71666667,71.06530049645838W,65.72671242005785S,12.40110042,9.041666667,-5.866666667,-6.133333333,5.50E+10,0.18
8/5/1995 17:14,31.38333333,11.6N,104.3W,17.44626074,11.18333333,10.56666667,8.225,2.00E+11,0.56
7/11/1995 18:38,36.36666667,28.5S,93.3E,14.1927138,5.866666667,-8.041666667,10.11666667,1.30E+11,0.38
7/9/1995 18:20,37.18333333,0.9S,66.3E,12.68943403,-5.925,7.383333333,-8.45,2.50E+10,0.089
7/7/1995 17:33,36.56666667,40.2N,76.1W,15.77151088,8.516666667,-10.88333333,-7.6,1.40E+11,0.41
6/9/1995 9:28,40.95833333,4.049801895898851W,61.683941052691935N,15.55669961,12.16666667,6.05,-7.575,2.50E+10,0.089
4/2/1995 12:32,34.48333333,126.98634354360216E,72.68313501231749S,13.69723715,-9.008333333,6.05,-8.358333333,2.50E+10,0.089
2/16/1995 13:05,35.96666667,16.7N,141.7W,15.57728492,9.691666667,-9.8,7.258333333,6.00E+10,0.19
1/18/1995 10:17,33.85,51.5N,115.4E,14.7208351,7.675,-7.008333333,10.425,7.00E+10,0.22
1/10/1995 21:08,34.75,139.52584608870742E,58.26181565857314N,13.54706303,8.458333333,-9.308333333,5.033333333,2.50E+10,0.089
1/2/1995 20:41,39.525,133.8573803633923E,80.53848183228908N,15.82476303,7.233333333,10.30833333,-9.583333333,3.00E+10,0.1
12/18/1994 12:45,39.43333333,10.224246514478024E,36.764838198066656N,13.30638944,6.833333333,7.433333333,8.666666667,5.00E+10,0.16
12/16/1994 9:41,36.04166667,42.2S,27.6E,16.0421277,11.21666667,7.325,-8.825,5.00E+10,0.16
11/3/1994 20:01,37.95,6.5N,89.0E,15.8353047,10.10833333,-7.191666667,-9.841666667,2.35E+12,5
11/1/1994 6:50,31.45833333,1.5S,84.5W,18.25639538,11.05,-6.958333333,12.75833333,1.00E+12,2.3
10/27/1994 4:21,34.925,155.91957068113W,4.8038141475083105N,15.57436685,8.7,-9.616666667,-8.625,3.20E+11,0.85
10/20/1994 0:11,36.25,45.2S,1.9W,14.3139622,-8.6,-7.108333333,8.966666667,8.70E+10,0.27
10/8/1994 3:24,38.45,86.77592671992839E,43.85021992035804S,13.32176842,7.716666667,-7.325,-8.016666667,6.60E+10,0.21
9/22/1994 4:22,31.99166667,61.7835207673036W,31.346073380790163N,15.88151441,-8.666666667,-7.083333333,11.26666667,6.70E+10,0.21
8/15/1994 23:16,40.075,0.4485418160705468E,23.646880150937346S,13.08037652,-6.366666667,8.741666667,-7.358333333,1.64E+11,0.47
6/15/1994 0:02,32.24166667,45.0N,73.5W,16.56301309,7.375,10.75,10.21666667,4.10E+10,0.14
6/3/1994 20:48,35.225,178.21735680726297W,77.86169683722098N,19.51434479,9.675,12.025,11.94166667,5.09E+11,1.3
5/29/1994 9:30,37.15833333,52.8N,2.3E,15.56363729,-10.86666667,6.625,-8.958333333,3.84E+11,1
2/1/1994 22:38,35.86666667,2.7N,164.1E,14.22836808,7.441666667,8.516666667,-8.633333333,1.82E+13,30
11/29/1993 17:48,35.05833333,26.5N,78.3E,17.12863506,7.966666667,-12.25833333,8.925,2.60E+10,0.092
10/31/1993 3:39,40,51.3N,100.9W,13.63570935,9.65,4.275,-8.633333333,4.00E+10,0.13
10/4/1991 9:22,33.325,78.7N,6.3E,13.74982071,9.975,6.7,-6.683333333,5.50E+11,1.4
10/1/1990 3:51,33.60833333,7.5N,142.8E,13.24911685,-8.108333333,7.291666667,7.525,2.50E+12,5.2
